result_no	generate_no	p_no	party_type	party_no	is_supporter	
05	0	1	2	1	0
05	0	1	0	7	1
05	0	1	10	7	1
05	0	1	11	7	1
05	0	1	12	1	0
05	0	4	1	4	0
05	0	4	2	4	0
05	0	4	0	4	0
05	0	4	10	4	0
05	0	4	11	4	0
05	0	4	12	4	0
05	0	5	0	5	0
05	0	5	10	5	0
05	0	5	13	5	0
05	0	6	1	6	0
05	0	6	0	6	0
05	0	6	10	6	0
05	0	6	11	6	0
05	0	7	1	7	0
05	0	7	2	7	0
05	0	7	0	7	0
05	0	7	10	7	0
05	0	7	11	7	0
05	0	7	12	7	0
05	0	8	1	8	0
05	0	8	0	8	0
05	0	8	10	8	0
05	0	8	11	8	0
05	0	9	2	9	0
05	0	9	0	9	0
05	0	9	10	9	0
05	0	9	11	9	0
05	0	9	12	9	0
05	0	9	13	9	0
05	0	10	1	10	0
05	0	10	2	10	0
05	0	10	0	10	0
05	0	10	10	57	1
05	0	10	11	10	0
05	0	10	12	10	0
05	0	11	2	11	0
05	0	11	0	11	0
05	0	11	10	11	0
05	0	11	11	11	0
05	0	11	12	11	0
05	0	12	1	12	0
05	0	12	2	12	0
05	0	12	0	12	0
05	0	12	10	12	0
05	0	12	11	12	0
05	0	12	12	12	0
05	0	12	13	12	0
05	0	13	0	13	0
05	0	13	10	13	0
05	0	14	1	14	0
05	0	14	0	201	1
05	0	14	10	201	1
05	0	14	11	201	1
05	0	15	2	15	0
05	0	15	0	15	0
05	0	15	10	15	0
05	0	15	11	15	0
05	0	15	12	15	0
05	0	16	2	16	0
05	0	16	0	16	0
05	0	16	10	16	0
05	0	16	11	16	0
05	0	16	12	16	0
05	0	17	0	17	0
05	0	17	10	17	0
05	0	17	11	17	0
05	0	18	2	18	0
05	0	18	0	15	0
05	0	18	10	15	0
05	0	18	11	15	0
05	0	18	12	18	0
05	0	19	0	8	0
05	0	19	10	8	0
05	0	19	11	8	0
05	0	20	0	20	0
05	0	20	10	20	0
05	0	20	11	20	0
05	0	20	13	20	0
05	0	21	10	206	1
05	0	21	11	206	1
05	0	21	13	465	1
05	0	22	2	22	0
05	0	22	0	22	0
05	0	22	10	22	0
05	0	22	11	22	0
05	0	22	12	22	0
05	0	23	2	23	0
05	0	23	0	23	0
05	0	23	10	23	0
05	0	23	11	23	0
05	0	23	12	23	0
05	0	23	13	23	0
05	0	25	1	8	0
05	0	25	0	979	1
05	0	25	10	25	0
05	0	25	11	25	0
05	0	26	0	26	0
05	0	26	10	26	0
05	0	27	1	27	0
05	0	27	0	27	0
05	0	27	10	27	0
05	0	27	11	27	0
05	0	28	2	28	0
05	0	28	0	28	0
05	0	28	10	28	0
05	0	28	12	28	0
05	0	28	13	28	0
05	0	29	10	29	0
05	0	29	11	29	0
05	0	30	1	30	0
05	0	30	2	30	0
05	0	30	0	30	0
05	0	30	10	30	0
05	0	30	11	30	0
05	0	30	12	30	0
05	0	30	13	30	0
05	0	31	0	31	0
05	0	31	10	31	0
05	0	31	11	31	0
05	0	32	1	32	0
05	0	32	0	32	0
05	0	32	10	111	1
05	0	33	0	33	0
05	0	33	10	33	0
05	0	33	11	33	0
05	0	34	0	34	0
05	0	34	10	34	0
05	0	34	11	34	0
05	0	34	12	34	0
05	0	35	1	35	1
05	0	35	2	35	0
05	0	35	0	8	0
05	0	35	10	8	0
05	0	35	11	8	0
05	0	36	2	36	0
05	0	36	0	36	0
05	0	36	10	36	0
05	0	36	11	36	0
05	0	36	12	36	0
05	0	37	1	37	0
05	0	38	0	38	0
05	0	38	10	38	0
05	0	38	11	38	0
05	0	39	2	39	0
05	0	39	0	7	0
05	0	39	10	7	0
05	0	39	11	7	1
05	0	39	12	39	0
05	0	40	2	40	0
05	0	40	0	40	0
05	0	40	10	40	0
05	0	40	11	40	0
05	0	40	12	40	0
05	0	40	13	40	0
05	0	41	2	41	0
05	0	41	0	41	0
05	0	41	10	41	0
05	0	41	11	41	0
05	0	41	12	41	0
05	0	41	13	41	0
05	0	42	2	42	0
05	0	42	0	42	0
05	0	42	10	42	0
05	0	42	11	42	0
05	0	42	12	42	0
05	0	42	13	42	0
05	0	43	0	285	1
05	0	43	10	285	1
05	0	43	11	285	1
05	0	44	1	44	0
05	0	44	2	44	0
05	0	44	0	44	0
05	0	44	10	44	0
05	0	44	12	44	0
05	0	45	0	45	0
05	0	45	10	166	1
05	0	45	11	45	0
05	0	46	1	46	0
05	0	46	0	346	1
05	0	46	10	46	0
05	0	46	11	46	0
05	0	47	0	47	0
05	0	47	10	47	0
05	0	47	11	47	0
05	0	47	12	47	0
05	0	48	2	48	0
05	0	48	0	15	0
05	0	48	10	15	0
05	0	48	11	15	1
05	0	48	12	48	0
05	0	49	1	49	0
05	0	49	2	49	0
05	0	49	0	49	0
05	0	49	10	49	0
05	0	49	11	552	1
05	0	49	12	49	0
05	0	50	1	50	0
05	0	50	0	5	0
05	0	50	10	5	0
05	0	50	13	5	0
05	0	52	1	8	0
05	0	52	2	52	0
05	0	52	0	52	0
05	0	52	10	52	0
05	0	52	11	52	0
05	0	52	12	52	0
05	0	52	13	52	0
05	0	53	0	53	0
05	0	53	10	53	0
05	0	54	1	54	0
05	0	54	0	54	0
05	0	54	10	54	0
05	0	54	11	54	0
05	0	55	2	55	0
05	0	55	0	5	0
05	0	55	10	5	0
05	0	55	12	55	0
05	0	55	13	5	0
05	0	57	1	57	0
05	0	57	0	10	0
05	0	57	10	57	0
05	0	57	11	10	0
05	0	58	1	7	1
05	0	58	2	58	0
05	0	58	0	58	0
05	0	58	10	58	0
05	0	58	11	58	0
05	0	58	12	58	0
05	0	58	13	58	0
05	0	59	1	59	0
05	0	59	0	34	0
05	0	59	10	34	0
05	0	59	11	34	0
05	0	59	12	59	0
05	0	60	0	60	0
05	0	60	10	60	0
05	0	60	11	61	1
05	0	61	2	61	0
05	0	61	0	60	0
05	0	61	10	60	0
05	0	61	11	61	0
05	0	63	0	28	1
05	0	63	10	28	1
05	0	63	13	28	0
05	0	64	1	356	1
05	0	64	0	64	0
05	0	64	10	64	0
05	0	66	1	66	0
05	0	66	0	66	0
05	0	66	10	66	0
05	0	67	1	425	1
05	0	67	2	67	0
05	0	67	0	67	0
05	0	67	10	67	0
05	0	67	11	67	0
05	0	67	12	67	0
05	0	67	13	67	0
05	0	68	0	68	0
05	0	69	1	69	0
05	0	72	0	816	1
05	0	72	10	72	0
05	0	72	11	72	0
05	0	72	12	72	0
05	0	74	1	74	0
05	0	77	1	77	0
05	0	77	2	77	0
05	0	77	0	77	0
05	0	78	2	78	0
05	0	78	0	78	0
05	0	78	10	78	0
05	0	78	11	78	0
05	0	78	12	78	0
05	0	80	1	12	0
05	0	81	0	23	1
05	0	81	10	23	1
05	0	81	11	23	1
05	0	81	13	23	1
05	0	82	1	82	0
05	0	83	0	392	1
05	0	83	10	799	1
05	0	83	11	799	1
05	0	83	13	799	1
05	0	84	1	50	0
05	0	84	0	84	0
05	0	84	10	84	0
05	0	91	2	91	0
05	0	91	0	91	0
05	0	91	10	91	0
05	0	91	11	91	0
05	0	91	12	91	0
05	0	94	0	94	0
05	0	94	10	94	0
05	0	94	11	94	0
05	0	94	13	94	0
05	0	97	1	97	0
05	0	97	2	97	0
05	0	97	0	20	0
05	0	97	10	20	0
05	0	97	11	20	0
05	0	97	12	97	0
05	0	97	13	20	0
05	0	99	0	99	0
05	0	101	2	101	0
05	0	101	0	101	0
05	0	101	10	996	1
05	0	101	11	996	1
05	0	103	2	103	0
05	0	103	0	103	0
05	0	103	10	103	0
05	0	103	11	103	0
05	0	103	12	103	0
05	0	103	13	103	0
05	0	104	0	104	0
05	0	104	10	104	0
05	0	104	11	104	0
05	0	105	2	105	0
05	0	105	0	105	0
05	0	105	10	105	0
05	0	105	11	105	0
05	0	105	12	105	0
05	0	105	13	105	0
05	0	106	2	106	0
05	0	106	0	106	0
05	0	107	1	107	0
05	0	108	2	108	0
05	0	108	0	108	0
05	0	108	10	108	0
05	0	108	12	108	0
05	0	109	0	109	0
05	0	109	10	109	0
05	0	110	1	32	1
05	0	110	0	110	0
05	0	110	10	110	0
05	0	110	11	110	0
05	0	111	0	32	1
05	0	111	10	111	0
05	0	113	1	482	1
05	0	114	0	114	0
05	0	114	10	114	0
05	0	114	11	114	0
05	0	115	2	115	0
05	0	115	0	115	0
05	0	115	10	115	0
05	0	115	11	115	0
05	0	115	12	115	0
05	0	115	13	115	0
05	0	119	0	119	0
05	0	119	10	145	1
05	0	119	11	145	1
05	0	120	0	356	1
05	0	120	10	120	0
05	0	120	11	120	0
05	0	120	12	120	0
05	0	121	0	110	1
05	0	121	10	110	1
05	0	121	11	110	0
05	0	123	0	123	0
05	0	124	1	124	0
05	0	124	0	124	0
05	0	124	10	124	0
05	0	124	11	124	0
05	0	125	0	8	1
05	0	125	10	8	1
05	0	125	11	8	1
05	0	127	2	127	0
05	0	127	0	127	0
05	0	127	10	127	0
05	0	127	11	127	0
05	0	127	12	127	0
05	0	127	13	200	1
05	0	128	2	128	0
05	0	128	0	128	0
05	0	128	10	128	0
05	0	128	11	128	0
05	0	128	12	128	0
05	0	128	13	128	0
05	0	129	0	129	0
05	0	129	10	129	0
05	0	129	11	129	0
05	0	130	2	130	0
05	0	130	0	130	0
05	0	131	1	27	0
05	0	132	0	132	0
05	0	132	10	132	0
05	0	133	1	133	0
05	0	133	0	133	0
05	0	133	10	133	0
05	0	133	11	133	0
05	0	133	12	133	0
05	0	134	10	134	0
05	0	135	2	135	0
05	0	135	0	135	0
05	0	135	10	135	0
05	0	135	11	135	0
05	0	135	12	135	0
05	0	136	1	136	0
05	0	137	0	137	0
05	0	137	10	137	0
05	0	137	11	137	0
05	0	142	1	142	0
05	0	144	1	144	0
05	0	144	2	144	0
05	0	144	0	144	0
05	0	144	10	144	0
05	0	144	11	144	0
05	0	144	12	144	0
05	0	144	13	144	0
05	0	145	0	119	0
05	0	145	10	145	0
05	0	145	11	145	0
05	0	147	1	147	0
05	0	147	0	147	0
05	0	147	10	152	1
05	0	148	0	346	1
05	0	148	10	46	0
05	0	148	11	46	0
05	0	149	1	149	0
05	0	149	0	149	0
05	0	149	10	149	0
05	0	149	11	159	1
05	0	152	0	147	1
05	0	152	10	152	0
05	0	153	2	153	0
05	0	153	0	153	0
05	0	153	10	153	0
05	0	153	11	153	0
05	0	153	12	153	0
05	0	156	1	156	0
05	0	158	0	158	0
05	0	159	1	159	0
05	0	159	0	149	0
05	0	159	10	149	0
05	0	159	11	159	0
05	0	160	2	160	0
05	0	160	0	15	1
05	0	160	10	15	1
05	0	160	11	15	0
05	0	160	12	160	0
05	0	161	1	437	1
05	0	162	0	162	0
05	0	163	1	163	0
05	0	163	2	163	0
05	0	163	0	163	0
05	0	163	10	163	0
05	0	163	12	163	0
05	0	166	0	45	0
05	0	166	10	166	0
05	0	166	11	45	0
05	0	167	1	167	0
05	0	167	0	167	0
05	0	167	10	167	0
05	0	167	11	167	0
05	0	169	1	8	1
05	0	170	2	170	0
05	0	170	0	170	0
05	0	171	1	171	0
05	0	171	0	124	1
05	0	171	10	124	1
05	0	171	11	124	1
05	0	172	10	172	0
05	0	172	11	172	0
05	0	173	1	173	0
05	0	173	2	173	0
05	0	173	0	173	0
05	0	173	10	173	0
05	0	173	12	173	0
05	0	174	0	174	0
05	0	176	1	176	0
05	0	176	0	10	0
05	0	176	10	57	0
05	0	176	11	10	1
05	0	177	0	177	0
05	0	178	2	178	0
05	0	178	0	380	1
05	0	178	10	178	0
05	0	178	11	178	0
05	0	178	12	178	0
05	0	180	0	110	0
05	0	180	10	110	0
05	0	180	11	110	0
05	0	181	2	181	0
05	0	181	0	181	0
05	0	181	10	181	0
05	0	181	11	181	0
05	0	181	12	181	0
05	0	182	1	182	0
05	0	182	2	182	0
05	0	182	0	23	0
05	0	182	10	23	0
05	0	182	11	23	0
05	0	182	12	182	0
05	0	182	13	23	0
05	0	185	1	185	0
05	0	185	0	149	0
05	0	185	10	149	0
05	0	185	11	159	1
05	0	190	2	190	0
05	0	190	0	103	0
05	0	190	10	103	0
05	0	190	11	103	0
05	0	190	12	190	0
05	0	190	13	103	0
05	0	191	1	191	0
05	0	191	2	191	0
05	0	191	0	191	0
05	0	191	10	191	0
05	0	191	11	191	0
05	0	191	12	191	0
05	0	191	13	191	0
05	0	192	1	159	0
05	0	192	2	192	0
05	0	192	0	429	0
05	0	192	10	233	0
05	0	192	11	233	0
05	0	192	12	192	0
05	0	194	2	194	0
05	0	194	0	36	0
05	0	194	10	36	1
05	0	194	11	36	1
05	0	195	1	425	1
05	0	195	0	195	0
05	0	195	10	195	0
05	0	196	1	196	0
05	0	196	0	196	0
05	0	196	10	196	0
05	0	196	11	339	1
05	0	197	10	197	0
05	0	197	11	197	0
05	0	198	0	198	0
05	0	198	10	198	0
05	0	198	11	198	0
05	0	198	13	198	0
05	0	199	1	199	0
05	0	200	2	200	0
05	0	200	0	127	0
05	0	200	10	127	0
05	0	200	11	127	0
05	0	200	12	200	0
05	0	200	13	200	0
05	0	201	0	201	0
05	0	201	10	201	0
05	0	201	11	201	0
05	0	202	2	202	0
05	0	202	0	30	0
05	0	202	10	30	0
05	0	202	11	30	0
05	0	202	12	202	0
05	0	202	13	30	0
05	0	203	1	203	0
05	0	203	2	203	0
05	0	203	0	203	0
05	0	203	10	601	1
05	0	203	11	601	1
05	0	204	1	196	0
05	0	204	0	204	0
05	0	204	10	204	0
05	0	204	11	204	0
05	0	206	10	206	0
05	0	206	11	206	0
05	0	206	13	465	1
05	0	207	2	207	0
05	0	207	0	207	0
05	0	207	10	207	0
05	0	207	11	207	0
05	0	207	12	207	0
05	0	208	1	208	0
05	0	208	2	208	0
05	0	208	0	78	0
05	0	208	10	78	0
05	0	208	11	78	0
05	0	208	12	208	0
05	0	209	1	209	0
05	0	209	0	356	1
05	0	209	10	120	1
05	0	209	11	120	1
05	0	210	2	210	0
05	0	210	0	210	0
05	0	210	10	210	0
05	0	210	11	210	0
05	0	210	12	210	0
05	0	211	0	211	0
05	0	211	10	211	0
05	0	211	11	211	0
05	0	212	1	66	0
05	0	212	0	212	0
05	0	212	10	212	0
05	0	212	11	212	0
05	0	213	1	213	0
05	0	214	0	214	0
05	0	214	10	214	0
05	0	215	2	215	0
05	0	215	0	137	0
05	0	215	10	137	0
05	0	215	11	137	0
05	0	215	12	215	0
05	0	216	1	167	1
05	0	216	0	285	1
05	0	216	10	285	1
05	0	216	11	285	1
05	0	217	0	119	1
05	0	217	10	145	0
05	0	217	11	145	0
05	0	218	1	218	0
05	0	218	0	40	0
05	0	218	10	40	0
05	0	218	11	40	0
05	0	218	13	40	0
05	0	219	1	219	0
05	0	219	10	219	0
05	0	219	11	219	0
05	0	221	1	12	1
05	0	221	0	203	0
05	0	221	10	601	1
05	0	221	11	601	1
05	0	222	0	222	0
05	0	222	10	222	0
05	0	222	11	222	0
05	0	223	1	223	0
05	0	224	1	466	1
05	0	224	2	224	0
05	0	224	0	224	0
05	0	224	10	224	0
05	0	225	0	222	0
05	0	225	10	222	0
05	0	225	11	222	0
05	0	226	1	163	0
05	0	227	1	227	0
05	0	228	0	245	1
05	0	228	10	245	1
05	0	229	1	32	0
05	0	229	2	229	0
05	0	229	0	229	0
05	0	230	0	230	0
05	0	230	10	230	0
05	0	230	11	230	0
05	0	232	0	232	0
05	0	233	1	196	1
05	0	233	2	233	0
05	0	233	0	465	0
05	0	233	10	233	0
05	0	233	11	233	0
05	0	233	12	233	0
05	0	234	2	234	0
05	0	234	0	234	0
05	0	234	10	234	0
05	0	234	11	234	0
05	0	234	12	234	0
05	0	235	0	465	0
05	0	235	10	235	0
05	0	235	11	235	0
05	0	236	11	236	0
05	0	237	1	237	0
05	0	237	0	245	1
05	0	237	10	245	1
05	0	238	0	119	0
05	0	238	10	145	0
05	0	238	11	145	0
05	0	239	1	239	0
05	0	241	1	526	0
05	0	241	2	241	0
05	0	241	0	241	0
05	0	241	10	241	0
05	0	241	11	241	0
05	0	241	12	241	0
05	0	241	13	241	0
05	0	244	0	244	0
05	0	245	0	245	0
05	0	245	10	245	0
05	0	246	0	127	0
05	0	246	10	127	1
05	0	246	11	127	1
05	0	246	13	200	1
05	0	248	0	248	0
05	0	248	10	983	1
05	0	248	11	983	1
05	0	250	1	250	0
05	0	251	0	429	1
05	0	251	10	233	1
05	0	251	11	233	1
05	0	253	1	171	0
05	0	255	1	44	0
05	0	256	1	256	0
05	0	257	2	257	0
05	0	257	0	153	0
05	0	257	10	153	0
05	0	257	11	153	0
05	0	257	12	257	0
05	0	258	1	258	0
05	0	258	11	258	0
05	0	260	0	260	0
05	0	260	10	260	0
05	0	260	11	260	0
05	0	261	2	261	0
05	0	261	0	173	0
05	0	261	10	173	0
05	0	261	12	261	0
05	0	262	1	262	0
05	0	262	0	262	0
05	0	262	10	262	0
05	0	263	0	263	0
05	0	263	10	263	0
05	0	263	13	263	0
05	0	264	1	107	0
05	0	264	2	264	0
05	0	264	0	264	0
05	0	264	10	264	0
05	0	264	11	264	0
05	0	264	12	264	0
05	0	265	1	437	1
05	0	266	1	266	0
05	0	266	0	266	0
05	0	266	10	266	0
05	0	266	11	266	0
05	0	267	1	267	0
05	0	270	2	270	0
05	0	270	0	270	0
05	0	270	10	270	0
05	0	270	12	270	0
05	0	270	13	270	0
05	0	272	2	272	0
05	0	272	0	272	0
05	0	272	10	272	0
05	0	272	11	272	0
05	0	272	12	272	0
05	0	273	1	185	0
05	0	273	10	460	1
05	0	275	1	356	1
05	0	275	2	275	0
05	0	275	0	234	1
05	0	275	10	234	1
05	0	275	11	234	1
05	0	275	12	275	0
05	0	276	1	159	1
05	0	276	2	276	0
05	0	276	0	276	0
05	0	277	1	59	0
05	0	277	10	277	0
05	0	277	11	277	0
05	0	278	0	66	0
05	0	278	10	66	0
05	0	279	0	279	0
05	0	279	10	279	0
05	0	280	2	280	0
05	0	280	0	280	0
05	0	280	10	280	0
05	0	280	11	280	0
05	0	280	12	280	0
05	0	281	1	256	0
05	0	282	1	282	0
05	0	284	2	284	0
05	0	284	0	135	0
05	0	284	10	135	0
05	0	284	11	135	0
05	0	284	12	284	0
05	0	285	1	285	0
05	0	285	0	285	0
05	0	285	10	285	0
05	0	285	11	285	0
05	0	286	1	282	0
05	0	287	10	287	0
05	0	287	11	287	0
05	0	288	0	260	0
05	0	288	10	260	0
05	0	288	11	260	0
05	0	289	2	289	0
05	0	289	0	9	0
05	0	289	10	9	0
05	0	289	11	9	0
05	0	289	12	289	0
05	0	289	13	9	0
05	0	290	1	470	1
05	0	292	1	292	0
05	0	292	0	292	0
05	0	292	10	292	0
05	0	292	11	292	0
05	0	294	2	294	0
05	0	294	0	294	0
05	0	294	10	294	0
05	0	294	11	294	0
05	0	294	12	294	0
05	0	295	1	572	0
05	0	295	0	295	0
05	0	295	10	295	0
05	0	295	11	295	0
05	0	297	1	297	0
05	0	297	0	297	0
05	0	297	10	297	0
05	0	298	1	572	0
05	0	298	0	181	0
05	0	298	10	181	0
05	0	298	11	181	0
05	0	299	0	45	0
05	0	299	10	166	0
05	0	299	11	45	0
05	0	301	1	470	1
05	0	301	0	356	1
05	0	301	10	120	0
05	0	301	11	120	0
05	0	302	1	159	0
05	0	302	0	302	0
05	0	302	10	302	0
05	0	303	0	135	1
05	0	303	10	135	1
05	0	303	11	135	1
05	0	304	0	304	0
05	0	304	10	304	0
05	0	304	11	304	0
05	0	305	1	305	0
05	0	305	0	38	0
05	0	305	10	38	0
05	0	305	11	38	0
05	0	308	2	308	0
05	0	308	0	308	0
05	0	308	10	308	0
05	0	308	11	308	0
05	0	308	12	308	0
05	0	308	13	308	0
05	0	312	2	312	0
05	0	312	0	4	0
05	0	312	10	4	0
05	0	312	11	4	0
05	0	313	1	313	0
05	0	313	2	313	0
05	0	313	0	30	0
05	0	313	10	30	0
05	0	313	11	30	0
05	0	313	12	313	0
05	0	313	13	30	0
05	0	314	0	115	0
05	0	314	10	115	0
05	0	314	11	115	0
05	0	314	13	115	0
05	0	316	0	316	0
05	0	316	10	316	0
05	0	316	11	316	0
05	0	317	1	526	1
05	0	317	0	317	0
05	0	317	10	317	0
05	0	317	11	317	0
05	0	319	2	319	0
05	0	319	0	191	0
05	0	319	10	191	0
05	0	319	11	191	0
05	0	319	12	319	0
05	0	319	13	191	0
05	0	320	0	137	1
05	0	320	10	137	1
05	0	320	11	137	1
05	0	322	0	123	1
05	0	323	1	199	0
05	0	323	0	323	0
05	0	325	1	325	0
05	0	325	0	325	0
05	0	325	10	561	1
05	0	325	11	561	1
05	0	325	13	561	1
05	0	326	10	676	1
05	0	326	11	676	1
05	0	327	1	218	0
05	0	327	10	277	1
05	0	327	11	277	1
05	0	329	2	329	0
05	0	329	0	137	0
05	0	329	10	137	0
05	0	329	11	137	0
05	0	329	12	329	0
05	0	330	1	330	0
05	0	331	2	331	0
05	0	331	0	331	0
05	0	331	10	331	0
05	0	331	11	331	0
05	0	331	12	331	0
05	0	331	13	331	0
05	0	332	2	332	0
05	0	332	0	124	0
05	0	332	10	124	0
05	0	332	11	124	0
05	0	332	12	332	0
05	0	333	1	333	0
05	0	334	2	334	0
05	0	334	0	294	0
05	0	334	10	294	0
05	0	334	11	294	0
05	0	334	12	334	0
05	0	335	0	335	0
05	0	335	10	335	0
05	0	335	11	335	0
05	0	339	0	196	0
05	0	339	10	196	0
05	0	339	11	339	0
05	0	340	0	465	1
05	0	340	10	206	0
05	0	340	11	206	0
05	0	340	13	465	1
05	0	341	1	341	0
05	0	341	2	341	0
05	0	342	2	342	0
05	0	342	0	31	0
05	0	342	10	31	0
05	0	342	11	31	1
05	0	342	12	342	0
05	0	343	2	343	0
05	0	343	0	20	0
05	0	343	10	20	0
05	0	343	11	20	0
05	0	343	12	343	0
05	0	343	13	20	0
05	0	344	1	297	1
05	0	346	1	346	0
05	0	346	0	346	0
05	0	346	10	46	0
05	0	346	11	46	0
05	0	350	1	350	0
05	0	350	2	350	0
05	0	350	0	7	0
05	0	350	10	7	0
05	0	350	11	7	0
05	0	350	12	350	0
05	0	351	2	351	0
05	0	351	0	351	0
05	0	351	10	351	0
05	0	351	11	351	0
05	0	351	12	351	0
05	0	353	2	353	0
05	0	353	0	353	0
05	0	355	1	182	0
05	0	356	1	356	0
05	0	356	0	356	0
05	0	356	10	120	0
05	0	356	11	120	0
05	0	358	2	358	0
05	0	358	0	294	1
05	0	358	10	294	1
05	0	358	11	294	1
05	0	358	12	358	0
05	0	359	1	325	0
05	0	359	0	359	0
05	0	360	1	10	0
05	0	360	0	360	0
05	0	360	10	360	0
05	0	360	11	360	0
05	0	363	1	363	0
05	0	363	2	363	0
05	0	363	0	363	0
05	0	363	10	363	0
05	0	363	11	363	0
05	0	363	12	363	0
05	0	365	0	365	0
05	0	365	10	365	0
05	0	365	11	365	0
05	0	366	1	366	0
05	0	366	0	366	0
05	0	366	10	366	0
05	0	366	11	570	1
05	0	366	13	366	0
05	0	367	0	367	0
05	0	367	10	367	0
05	0	367	11	367	0
05	0	368	0	368	0
05	0	368	10	368	0
05	0	368	11	368	0
05	0	369	2	369	0
05	0	369	0	369	0
05	0	369	10	369	0
05	0	369	11	369	0
05	0	369	12	369	0
05	0	369	13	369	0
05	0	371	1	227	0
05	0	371	2	371	0
05	0	371	0	371	0
05	0	371	10	371	0
05	0	371	11	371	0
05	0	371	12	371	0
05	0	372	0	372	0
05	0	372	10	372	0
05	0	372	11	372	0
05	0	373	1	66	0
05	0	373	2	373	0
05	0	373	0	230	0
05	0	373	10	230	0
05	0	373	11	230	0
05	0	373	12	373	0
05	0	374	1	437	1
05	0	374	0	230	0
05	0	374	10	230	0
05	0	374	11	230	0
05	0	377	1	182	1
05	0	378	1	378	0
05	0	378	0	31	1
05	0	378	10	31	1
05	0	378	11	31	1
05	0	379	1	57	0
05	0	379	0	36	1
05	0	379	10	36	1
05	0	379	11	36	1
05	0	380	0	380	0
05	0	380	10	393	1
05	0	380	11	393	1
05	0	381	2	381	0
05	0	381	0	381	0
05	0	381	10	381	0
05	0	381	11	381	0
05	0	381	12	381	0
05	0	381	13	381	0
05	0	382	1	382	0
05	0	382	0	372	0
05	0	382	10	372	0
05	0	382	11	372	0
05	0	383	2	383	0
05	0	383	0	245	0
05	0	383	10	245	0
05	0	383	12	383	0
05	0	384	1	4	0
05	0	384	0	372	0
05	0	384	10	372	0
05	0	384	11	372	0
05	0	385	1	44	0
05	0	387	1	156	0
05	0	387	10	676	1
05	0	387	11	676	1
05	0	389	0	600	1
05	0	389	10	600	1
05	0	389	11	600	1
05	0	390	1	390	0
05	0	391	2	391	0
05	0	391	0	371	0
05	0	391	10	371	0
05	0	391	11	371	0
05	0	391	12	391	0
05	0	392	1	392	0
05	0	392	0	392	0
05	0	392	10	799	1
05	0	392	11	799	1
05	0	392	13	799	1
05	0	393	1	239	0
05	0	393	2	393	0
05	0	393	0	380	0
05	0	393	10	393	0
05	0	393	11	393	0
05	0	393	12	393	0
05	0	395	1	185	1
05	0	396	2	396	0
05	0	396	0	363	0
05	0	396	10	363	0
05	0	396	11	363	0
05	0	396	12	396	0
05	0	398	0	285	0
05	0	398	10	285	0
05	0	398	11	285	0
05	0	400	2	400	0
05	0	400	0	363	1
05	0	400	10	363	1
05	0	400	11	363	0
05	0	400	12	400	0
05	0	402	2	402	0
05	0	402	0	402	0
05	0	402	10	402	0
05	0	402	11	642	1
05	0	402	12	402	0
05	0	404	1	185	0
05	0	404	2	404	0
05	0	404	0	404	0
05	0	404	10	404	0
05	0	404	11	446	1
05	0	406	1	406	0
05	0	407	1	167	0
05	0	408	2	408	0
05	0	408	0	408	0
05	0	408	10	408	0
05	0	409	1	366	0
05	0	409	0	47	0
05	0	409	10	47	0
05	0	409	11	47	0
05	0	410	2	410	0
05	0	410	0	410	0
05	0	410	10	410	0
05	0	410	11	410	0
05	0	410	12	410	0
05	0	410	13	410	0
05	0	412	0	110	0
05	0	412	10	110	0
05	0	412	11	110	1
05	0	413	0	413	0
05	0	413	10	413	0
05	0	413	11	569	1
05	0	414	0	414	0
05	0	414	10	414	0
05	0	414	11	414	0
05	0	415	1	415	0
05	0	415	0	260	0
05	0	415	10	260	0
05	0	415	11	260	0
05	0	416	2	416	0
05	0	416	0	416	0
05	0	416	10	416	0
05	0	416	11	416	0
05	0	416	12	416	0
05	0	417	1	572	1
05	0	419	1	419	0
05	0	419	10	419	0
05	0	419	11	419	0
05	0	420	1	46	0
05	0	423	0	423	0
05	0	423	10	423	0
05	0	423	11	423	0
05	0	423	12	423	0
05	0	424	2	424	0
05	0	424	0	127	1
05	0	424	10	127	0
05	0	424	11	127	0
05	0	424	12	424	0
05	0	424	13	200	1
05	0	425	1	425	0
05	0	427	2	427	0
05	0	427	0	427	0
05	0	427	10	427	0
05	0	427	11	427	0
05	0	427	12	427	0
05	0	428	0	428	0
05	0	428	10	428	0
05	0	429	1	7	0
05	0	429	2	429	0
05	0	429	0	429	0
05	0	429	10	676	0
05	0	429	11	676	0
05	0	429	12	429	0
05	0	430	2	430	0
05	0	430	0	153	0
05	0	430	10	153	0
05	0	430	11	153	0
05	0	430	12	430	0
05	0	431	1	431	0
05	0	432	0	32	0
05	0	432	10	111	0
05	0	434	0	434	0
05	0	434	10	434	0
05	0	434	11	434	0
05	0	436	2	436	0
05	0	436	0	436	0
05	0	436	10	436	0
05	0	436	11	436	0
05	0	436	12	436	0
05	0	437	1	437	0
05	0	437	0	680	1
05	0	437	10	437	0
05	0	437	11	437	0
05	0	438	10	438	0
05	0	438	11	438	0
05	0	439	1	366	1
05	0	439	0	404	0
05	0	439	10	404	1
05	0	439	11	446	1
05	0	440	2	440	0
05	0	440	0	440	0
05	0	440	10	440	0
05	0	440	11	440	0
05	0	440	12	440	0
05	0	440	13	440	0
05	0	441	0	441	0
05	0	441	10	441	0
05	0	441	11	441	0
05	0	442	0	442	0
05	0	442	10	442	0
05	0	442	11	442	0
05	0	443	0	443	0
05	0	443	10	443	0
05	0	443	11	443	0
05	0	446	1	446	0
05	0	446	0	404	1
05	0	446	10	404	0
05	0	446	11	446	0
05	0	447	1	694	1
05	0	447	2	447	0
05	0	447	0	292	0
05	0	447	10	292	0
05	0	447	11	292	0
05	0	447	12	447	0
05	0	448	1	448	0
05	0	450	1	450	0
05	0	450	0	404	0
05	0	450	10	404	1
05	0	450	11	446	1
05	0	452	1	452	0
05	0	452	2	452	0
05	0	452	0	207	0
05	0	452	10	207	0
05	0	452	11	207	0
05	0	452	12	452	0
05	0	454	1	454	0
05	0	455	1	455	0
05	0	455	0	365	0
05	0	455	10	365	0
05	0	455	11	365	0
05	0	456	0	31	0
05	0	456	10	31	0
05	0	456	11	31	1
05	0	457	1	292	0
05	0	457	0	210	1
05	0	457	10	210	1
05	0	457	11	210	1
05	0	458	1	292	0
05	0	458	2	458	0
05	0	458	0	458	0
05	0	458	10	458	0
05	0	458	11	458	0
05	0	458	12	458	0
05	0	458	13	458	0
05	0	459	0	458	0
05	0	459	10	458	0
05	0	459	11	458	0
05	0	459	13	458	0
05	0	460	10	460	0
05	0	462	0	462	0
05	0	463	1	46	1
05	0	465	1	54	1
05	0	465	2	465	0
05	0	465	0	465	0
05	0	465	10	206	0
05	0	465	11	206	0
05	0	465	12	465	0
05	0	465	13	465	0
05	0	466	1	466	0
05	0	467	2	467	0
05	0	467	0	167	1
05	0	467	10	167	0
05	0	467	11	167	1
05	0	467	12	467	0
05	0	468	1	468	0
05	0	468	2	468	0
05	0	468	0	47	0
05	0	468	10	47	0
05	0	468	11	47	0
05	0	468	12	468	0
05	0	469	1	455	0
05	0	469	0	36	1
05	0	469	10	36	1
05	0	469	11	36	1
05	0	470	1	470	0
05	0	470	0	442	0
05	0	470	10	442	0
05	0	470	11	442	0
05	0	471	0	471	0
05	0	472	1	455	0
05	0	472	2	472	0
05	0	472	0	472	0
05	0	472	10	178	0
05	0	472	11	178	0
05	0	472	12	472	0
05	0	475	0	230	1
05	0	475	10	230	1
05	0	475	11	230	1
05	0	478	1	725	1
05	0	478	2	478	0
05	0	478	0	478	0
05	0	478	10	478	0
05	0	478	11	478	0
05	0	478	12	478	0
05	0	479	2	479	0
05	0	479	0	479	0
05	0	480	1	454	0
05	0	480	2	480	0
05	0	480	0	480	0
05	0	480	10	480	0
05	0	480	11	480	0
05	0	480	12	480	0
05	0	482	1	482	0
05	0	482	0	482	0
05	0	482	10	482	0
05	0	482	11	482	0
05	0	484	1	466	0
05	0	484	2	484	0
05	0	484	0	484	0
05	0	484	10	484	0
05	0	484	11	484	0
05	0	484	12	484	0
05	0	485	2	485	0
05	0	485	0	402	0
05	0	485	10	402	0
05	0	485	11	642	1
05	0	485	12	485	0
05	0	486	0	365	1
05	0	486	10	365	1
05	0	486	11	365	1
05	0	488	1	488	0
05	0	490	1	356	0
05	0	491	1	488	0
05	0	491	0	491	0
05	0	492	0	484	0
05	0	492	10	484	0
05	0	492	11	484	1
05	0	493	1	778	1
05	0	493	2	493	0
05	0	493	0	484	0
05	0	493	10	484	0
05	0	493	11	484	1
05	0	493	12	493	0
05	0	494	2	494	0
05	0	494	0	371	0
05	0	494	10	371	0
05	0	494	11	371	0
05	0	494	12	494	0
05	0	496	1	540	1
05	0	497	2	497	0
05	0	497	0	497	0
05	0	497	10	497	0
05	0	497	11	497	0
05	0	497	12	497	0
05	0	497	13	497	0
05	0	499	10	499	0
05	0	499	11	499	0
05	0	500	0	5	1
05	0	500	10	5	1
05	0	500	13	5	1
05	0	502	1	69	0
05	0	502	0	502	0
05	0	502	10	502	0
05	0	502	11	502	0
05	0	503	0	503	0
05	0	503	10	503	0
05	0	503	11	503	0
05	0	504	1	504	0
05	0	504	0	503	1
05	0	504	10	503	1
05	0	504	11	503	1
05	0	505	2	505	0
05	0	505	0	503	0
05	0	505	10	503	0
05	0	505	11	503	0
05	0	505	12	505	0
05	0	506	1	163	0
05	0	506	0	503	0
05	0	506	10	503	0
05	0	506	11	503	0
05	0	507	1	693	1
05	0	508	1	508	0
05	0	508	0	508	0
05	0	508	10	508	0
05	0	508	11	508	0
05	0	510	1	325	0
05	0	510	2	510	0
05	0	510	0	510	0
05	0	510	10	510	0
05	0	510	11	510	0
05	0	510	12	510	0
05	0	510	13	510	0
05	0	511	2	511	0
05	0	511	0	511	0
05	0	511	10	511	0
05	0	511	11	511	0
05	0	511	12	511	0
05	0	512	2	512	0
05	0	512	0	511	0
05	0	512	10	511	0
05	0	512	11	511	0
05	0	512	12	512	0
05	0	513	2	513	0
05	0	513	0	513	0
05	0	513	10	513	0
05	0	513	11	513	0
05	0	513	12	513	0
05	0	513	13	697	1
05	0	514	2	514	0
05	0	514	0	234	0
05	0	514	10	234	0
05	0	514	11	234	0
05	0	514	12	514	0
05	0	516	2	516	0
05	0	516	0	380	0
05	0	516	10	393	1
05	0	516	11	393	1
05	0	518	1	171	1
05	0	518	2	518	0
05	0	518	0	518	0
05	0	518	10	518	0
05	0	518	12	518	0
05	0	519	0	519	0
05	0	519	10	519	0
05	0	520	2	520	0
05	0	520	0	520	0
05	0	520	10	520	0
05	0	520	11	520	0
05	0	520	12	520	0
05	0	521	0	45	1
05	0	521	10	166	0
05	0	521	11	45	1
05	0	524	1	524	0
05	0	525	2	525	0
05	0	525	0	525	0
05	0	525	10	525	0
05	0	525	12	525	0
05	0	525	13	525	0
05	0	526	1	526	0
05	0	526	0	526	0
05	0	526	10	526	0
05	0	527	1	199	0
05	0	527	0	526	0
05	0	527	10	526	0
05	0	529	2	529	0
05	0	529	0	529	0
05	0	529	10	615	1
05	0	530	0	529	0
05	0	530	10	615	1
05	0	531	2	531	0
05	0	531	0	531	0
05	0	531	10	531	0
05	0	531	11	531	0
05	0	531	12	531	0
05	0	532	0	38	1
05	0	532	10	38	1
05	0	532	11	38	1
05	0	536	0	335	1
05	0	536	10	335	0
05	0	536	11	335	0
05	0	539	0	539	0
05	0	539	10	539	0
05	0	540	1	540	0
05	0	540	0	177	0
05	0	541	1	541	0
05	0	541	10	541	0
05	0	541	11	541	0
05	0	542	1	542	0
05	0	542	2	542	0
05	0	542	0	212	0
05	0	542	10	212	0
05	0	542	11	212	0
05	0	542	12	542	0
05	0	543	1	543	0
05	0	544	0	214	0
05	0	544	10	214	0
05	0	545	1	545	0
05	0	545	0	545	0
05	0	545	10	545	0
05	0	546	0	545	0
05	0	546	10	545	0
05	0	547	1	540	0
05	0	547	0	365	0
05	0	547	10	365	0
05	0	547	11	365	1
05	0	549	1	363	0
05	0	549	2	549	0
05	0	549	0	549	0
05	0	549	10	549	0
05	0	549	11	549	0
05	0	549	12	549	0
05	0	549	13	549	0
05	0	551	0	106	1
05	0	552	1	540	0
05	0	552	2	552	0
05	0	552	0	49	0
05	0	552	10	49	0
05	0	552	11	552	0
05	0	552	12	552	0
05	0	553	0	553	0
05	0	553	10	553	0
05	0	554	1	262	0
05	0	554	2	554	0
05	0	554	0	49	0
05	0	554	10	49	0
05	0	554	11	552	0
05	0	554	12	554	0
05	0	555	2	555	0
05	0	555	0	555	0
05	0	555	10	555	0
05	0	555	11	555	0
05	0	555	12	555	0
05	0	555	13	555	0
05	0	556	0	556	0
05	0	556	10	556	0
05	0	556	11	556	0
05	0	557	2	557	0
05	0	557	0	234	0
05	0	557	10	234	0
05	0	557	11	234	0
05	0	557	12	557	0
05	0	558	1	446	0
05	0	559	0	177	1
05	0	560	1	46	0
05	0	561	1	266	1
05	0	561	2	561	0
05	0	561	0	325	0
05	0	561	10	561	0
05	0	561	11	561	0
05	0	561	12	561	0
05	0	561	13	561	0
05	0	562	1	562	0
05	0	562	0	158	1
05	0	563	0	167	0
05	0	563	10	167	0
05	0	563	11	167	0
05	0	564	1	562	0
05	0	564	0	167	1
05	0	564	10	167	1
05	0	564	11	167	1
05	0	565	10	277	1
05	0	565	11	277	1
05	0	568	0	568	0
05	0	568	10	568	0
05	0	569	0	413	0
05	0	569	10	413	0
05	0	569	11	569	0
05	0	570	0	366	0
05	0	570	10	366	0
05	0	570	11	570	0
05	0	570	13	366	0
05	0	571	2	571	0
05	0	571	0	23	0
05	0	571	10	23	0
05	0	571	11	23	0
05	0	571	12	571	0
05	0	571	13	23	0
05	0	572	1	572	0
05	0	572	2	572	0
05	0	572	0	38	0
05	0	572	10	38	0
05	0	572	11	38	0
05	0	572	12	572	0
05	0	575	1	213	1
05	0	575	0	576	1
05	0	576	1	69	0
05	0	576	0	576	0
05	0	577	0	576	1
05	0	578	1	54	1
05	0	578	0	576	0
05	0	579	1	543	0
05	0	579	2	579	0
05	0	579	0	212	0
05	0	579	10	212	0
05	0	579	11	212	0
05	0	581	0	603	1
05	0	584	0	828	1
05	0	585	0	603	1
05	0	586	1	292	1
05	0	586	0	272	0
05	0	586	10	272	0
05	0	586	11	272	0
05	0	588	10	588	0
05	0	588	11	588	0
05	0	592	1	592	0
05	0	592	2	592	0
05	0	592	0	472	0
05	0	592	10	178	0
05	0	592	11	178	0
05	0	592	12	592	0
05	0	593	0	593	0
05	0	596	1	596	0
05	0	596	0	519	0
05	0	596	10	519	0
05	0	597	1	778	1
05	0	597	0	201	1
05	0	597	10	201	1
05	0	597	11	201	1
05	0	598	1	446	0
05	0	598	0	201	1
05	0	598	10	201	0
05	0	598	11	201	0
05	0	598	12	598	0
05	0	599	0	480	0
05	0	599	10	480	1
05	0	599	11	480	1
05	0	600	0	600	0
05	0	600	10	600	0
05	0	600	11	600	0
05	0	601	2	601	0
05	0	601	0	203	0
05	0	601	10	601	0
05	0	601	11	601	0
05	0	601	12	601	0
05	0	603	0	603	0
05	0	604	1	596	1
05	0	604	2	604	0
05	0	604	0	604	0
05	0	604	10	604	0
05	0	604	11	604	0
05	0	604	12	604	0
05	0	606	1	596	1
05	0	606	0	32	0
05	0	606	10	111	0
05	0	608	1	454	0
05	0	611	1	611	0
05	0	613	0	617	1
05	0	613	10	617	1
05	0	613	11	617	1
05	0	615	1	615	0
05	0	615	0	529	0
05	0	615	10	615	0
05	0	616	1	616	0
05	0	616	0	158	0
05	0	617	2	617	0
05	0	617	0	617	0
05	0	617	10	617	0
05	0	617	11	617	0
05	0	617	12	617	0
05	0	618	1	616	1
05	0	618	2	618	0
05	0	618	0	617	0
05	0	618	10	617	0
05	0	618	11	617	0
05	0	618	12	618	0
05	0	619	1	616	0
05	0	619	0	617	0
05	0	619	10	617	0
05	0	619	11	617	0
05	0	621	0	621	0
05	0	621	10	621	0
05	0	621	11	621	0
05	0	622	1	622	0
05	0	623	2	623	0
05	0	623	0	816	1
05	0	623	10	72	1
05	0	623	11	72	1
05	0	624	0	624	0
05	0	624	10	624	0
05	0	624	11	624	0
05	0	624	13	913	1
05	0	625	1	625	0
05	0	626	2	626	0
05	0	626	0	626	0
05	0	626	10	626	0
05	0	626	11	626	0
05	0	626	12	626	0
05	0	626	13	626	0
05	0	627	1	627	0
05	0	627	0	10	1
05	0	627	10	57	0
05	0	627	11	10	0
05	0	628	1	627	0
05	0	628	0	147	0
05	0	628	10	152	0
05	0	629	2	629	0
05	0	629	0	624	0
05	0	629	10	624	0
05	0	629	11	624	0
05	0	629	12	629	0
05	0	629	13	913	1
05	0	630	1	630	0
05	0	630	0	630	0
05	0	631	1	297	0
05	0	631	0	631	0
05	0	631	10	631	0
05	0	631	11	631	0
05	0	632	0	631	1
05	0	632	10	631	1
05	0	632	11	631	1
05	0	634	1	466	0
05	0	634	0	631	0
05	0	634	10	631	0
05	0	634	11	631	0
05	0	635	0	631	0
05	0	635	10	631	0
05	0	635	11	631	0
05	0	636	0	54	0
05	0	636	10	54	0
05	0	636	11	54	0
05	0	637	0	637	0
05	0	637	10	637	0
05	0	639	1	639	0
05	0	640	1	66	1
05	0	640	0	640	0
05	0	640	10	640	0
05	0	640	11	640	0
05	0	642	2	642	0
05	0	642	0	402	0
05	0	642	10	402	0
05	0	642	11	642	0
05	0	642	12	642	0
05	0	643	2	643	0
05	0	643	0	643	0
05	0	643	10	643	0
05	0	643	11	643	0
05	0	643	12	643	0
05	0	644	1	644	0
05	0	647	0	647	0
05	0	647	10	647	0
05	0	647	11	647	0
05	0	648	0	648	0
05	0	649	0	648	0
05	0	650	0	648	1
05	0	651	0	651	0
05	0	651	10	812	1
05	0	651	11	812	1
05	0	652	1	57	1
05	0	652	2	652	0
05	0	652	0	624	0
05	0	652	10	624	0
05	0	652	11	624	0
05	0	652	12	652	0
05	0	652	13	913	1
05	0	653	2	653	0
05	0	653	0	653	0
05	0	653	10	653	0
05	0	653	11	653	0
05	0	653	12	653	0
05	0	654	2	654	0
05	0	654	0	653	0
05	0	654	10	653	0
05	0	654	11	653	0
05	0	654	12	654	0
05	0	659	1	659	0
05	0	662	2	662	0
05	0	662	0	662	0
05	0	662	10	662	0
05	0	662	11	662	0
05	0	662	12	662	0
05	0	663	2	663	0
05	0	663	0	414	0
05	0	663	10	414	0
05	0	663	11	414	0
05	0	663	12	663	0
05	0	666	1	446	1
05	0	666	0	666	0
05	0	668	0	325	0
05	0	668	10	561	1
05	0	668	11	561	1
05	0	668	13	561	1
05	0	671	0	671	0
05	0	671	10	671	0
05	0	672	1	144	1
05	0	672	0	671	0
05	0	672	10	671	0
05	0	673	2	673	0
05	0	673	0	673	0
05	0	673	10	673	0
05	0	673	11	673	0
05	0	673	12	673	0
05	0	673	13	673	0
05	0	675	0	124	1
05	0	675	10	124	1
05	0	675	11	124	1
05	0	676	2	676	0
05	0	676	0	429	0
05	0	676	10	676	0
05	0	676	11	676	0
05	0	676	12	676	0
05	0	677	1	677	0
05	0	677	0	9	0
05	0	677	10	9	0
05	0	677	11	9	0
05	0	677	13	9	0
05	0	678	0	600	0
05	0	678	10	600	0
05	0	678	11	600	0
05	0	679	1	679	0
05	0	679	0	679	0
05	0	679	10	679	0
05	0	679	11	679	0
05	0	680	1	297	0
05	0	680	2	680	0
05	0	680	0	680	0
05	0	680	10	437	1
05	0	680	11	437	1
05	0	680	12	680	0
05	0	682	0	682	0
05	0	682	10	682	0
05	0	682	11	682	0
05	0	683	1	223	1
05	0	686	1	203	1
05	0	686	2	686	0
05	0	686	0	441	0
05	0	686	10	441	0
05	0	686	11	441	0
05	0	686	12	686	0
05	0	687	1	213	0
05	0	689	2	689	0
05	0	689	0	682	0
05	0	689	10	682	0
05	0	689	11	682	0
05	0	689	12	689	0
05	0	690	2	690	0
05	0	690	0	682	1
05	0	690	10	682	1
05	0	690	11	682	1
05	0	690	12	690	0
05	0	691	1	691	0
05	0	691	2	691	0
05	0	691	0	691	0
05	0	691	10	691	0
05	0	691	11	691	0
05	0	691	12	691	0
05	0	691	13	691	0
05	0	693	1	693	0
05	0	694	1	694	0
05	0	694	0	694	0
05	0	694	10	694	0
05	0	694	11	694	0
05	0	695	2	695	0
05	0	695	0	695	0
05	0	695	10	233	0
05	0	695	11	233	0
05	0	695	12	695	0
05	0	696	1	32	0
05	0	696	0	682	0
05	0	696	10	682	0
05	0	696	11	682	0
05	0	697	2	697	0
05	0	697	0	513	0
05	0	697	10	513	0
05	0	697	11	513	1
05	0	697	12	697	0
05	0	697	13	697	0
05	0	698	1	57	0
05	0	698	2	698	0
05	0	698	0	366	1
05	0	698	10	366	1
05	0	698	11	570	0
05	0	698	12	698	0
05	0	698	13	366	1
05	0	699	2	699	0
05	0	699	0	408	0
05	0	699	10	408	0
05	0	700	1	702	1
05	0	700	0	147	0
05	0	700	10	152	0
05	0	701	1	702	1
05	0	702	1	702	0
05	0	702	10	702	0
05	0	703	1	702	1
05	0	703	0	703	0
05	0	703	10	703	0
05	0	703	11	703	0
05	0	704	1	659	0
05	0	706	1	729	1
05	0	706	0	47	1
05	0	706	10	47	1
05	0	706	11	47	1
05	0	707	2	707	0
05	0	707	0	363	0
05	0	707	10	363	0
05	0	707	11	363	1
05	0	707	12	707	0
05	0	708	1	998	1
05	0	708	0	708	0
05	0	708	10	708	0
05	0	708	11	708	0
05	0	709	1	729	1
05	0	709	0	708	0
05	0	709	10	708	0
05	0	709	11	708	0
05	0	710	1	341	0
05	0	711	2	711	0
05	0	711	0	711	0
05	0	711	10	711	0
05	0	711	11	711	0
05	0	711	12	711	0
05	0	711	13	711	0
05	0	712	2	712	0
05	0	712	0	413	0
05	0	712	10	413	0
05	0	712	11	569	0
05	0	712	12	712	0
05	0	713	2	713	0
05	0	713	0	413	1
05	0	713	10	413	1
05	0	713	11	569	1
05	0	714	0	714	0
05	0	714	10	714	0
05	0	714	11	714	0
05	0	716	1	716	0
05	0	717	0	717	0
05	0	717	10	717	0
05	0	718	1	718	0
05	0	718	0	718	0
05	0	718	10	718	0
05	0	718	11	718	0
05	0	718	12	718	0
05	0	720	0	720	0
05	0	721	0	279	0
05	0	721	10	279	0
05	0	723	11	723	0
05	0	724	1	592	0
05	0	725	1	725	0
05	0	725	0	266	1
05	0	725	10	266	1
05	0	725	11	266	0
05	0	727	1	256	0
05	0	727	2	727	0
05	0	727	0	727	0
05	0	727	10	727	0
05	0	727	11	727	0
05	0	727	12	727	0
05	0	728	0	711	0
05	0	728	10	711	0
05	0	728	11	711	0
05	0	728	13	711	0
05	0	729	1	729	0
05	0	729	0	729	0
05	0	729	10	729	0
05	0	729	11	729	0
05	0	730	2	730	0
05	0	730	0	730	0
05	0	730	10	730	0
05	0	730	11	730	0
05	0	730	12	730	0
05	0	731	2	731	0
05	0	731	0	730	0
05	0	731	10	730	0
05	0	731	11	730	0
05	0	731	12	731	0
05	0	732	2	732	0
05	0	732	0	732	0
05	0	732	10	732	0
05	0	732	11	732	0
05	0	732	12	732	0
05	0	733	10	733	0
05	0	733	11	733	0
05	0	733	13	733	0
05	0	734	2	734	0
05	0	734	0	734	0
05	0	734	10	734	0
05	0	734	11	734	0
05	0	734	12	734	0
05	0	735	2	735	0
05	0	735	0	734	1
05	0	735	10	734	1
05	0	735	11	734	1
05	0	735	12	735	0
05	0	736	2	736	0
05	0	736	0	734	0
05	0	736	10	734	0
05	0	736	11	734	0
05	0	736	12	736	0
05	0	737	2	737	0
05	0	737	0	734	0
05	0	737	10	734	0
05	0	737	11	734	0
05	0	737	12	737	0
05	0	738	1	742	1
05	0	738	2	738	0
05	0	738	0	738	0
05	0	741	1	203	1
05	0	742	1	742	0
05	0	743	0	718	1
05	0	743	10	718	1
05	0	743	11	718	1
05	0	744	1	742	0
05	0	744	0	414	1
05	0	744	10	414	0
05	0	744	11	414	0
05	0	746	1	742	0
05	0	746	2	746	0
05	0	746	0	272	0
05	0	746	10	272	0
05	0	746	11	272	0
05	0	746	12	746	0
05	0	747	1	747	0
05	0	747	0	718	0
05	0	747	10	718	1
05	0	747	11	718	1
05	0	748	0	203	1
05	0	748	10	601	1
05	0	748	11	601	1
05	0	749	0	749	0
05	0	750	0	750	0
05	0	750	10	750	0
05	0	750	11	750	0
05	0	751	1	751	0
05	0	752	0	752	0
05	0	752	10	752	0
05	0	752	11	752	0
05	0	753	1	753	0
05	0	753	0	718	1
05	0	753	10	718	1
05	0	753	11	718	1
05	0	754	0	754	0
05	0	755	1	12	0
05	0	756	2	756	0
05	0	756	0	756	0
05	0	757	2	757	0
05	0	757	0	711	0
05	0	757	10	711	0
05	0	757	11	711	0
05	0	757	12	757	0
05	0	757	13	711	0
05	0	758	2	758	0
05	0	758	0	711	1
05	0	758	10	711	1
05	0	758	11	711	1
05	0	758	12	758	0
05	0	758	13	711	1
05	0	759	1	751	0
05	0	759	2	759	0
05	0	759	0	759	0
05	0	759	10	759	0
05	0	759	11	759	0
05	0	759	12	759	0
05	0	762	1	765	1
05	0	765	1	765	0
05	0	765	2	765	0
05	0	765	0	765	0
05	0	765	10	765	0
05	0	765	12	765	0
05	0	766	1	765	0
05	0	766	0	766	0
05	0	766	10	766	0
05	0	766	11	766	0
05	0	767	0	776	1
05	0	767	10	767	0
05	0	767	11	767	0
05	0	768	1	77	0
05	0	768	0	768	0
05	0	768	10	768	0
05	0	768	11	768	0
05	0	769	2	769	0
05	0	769	0	513	1
05	0	769	10	513	1
05	0	769	11	513	0
05	0	769	12	769	0
05	0	769	13	697	0
05	0	770	0	502	0
05	0	770	10	502	0
05	0	770	11	502	0
05	0	771	0	771	0
05	0	771	10	771	0
05	0	771	11	771	0
05	0	772	2	772	0
05	0	772	0	772	0
05	0	772	10	772	0
05	0	772	11	772	0
05	0	772	12	772	0
05	0	773	2	773	0
05	0	773	0	772	0
05	0	773	10	772	0
05	0	773	11	772	0
05	0	773	12	773	0
05	0	774	0	772	1
05	0	774	10	772	1
05	0	774	11	772	1
05	0	775	2	775	0
05	0	775	0	772	0
05	0	775	10	772	0
05	0	775	11	772	0
05	0	775	12	775	0
05	0	776	0	776	0
05	0	776	10	767	1
05	0	776	11	767	1
05	0	777	2	777	0
05	0	777	0	777	0
05	0	777	10	777	0
05	0	777	11	777	0
05	0	777	12	777	0
05	0	778	1	778	0
05	0	778	0	776	0
05	0	778	10	767	0
05	0	778	11	767	0
05	0	779	0	768	0
05	0	779	10	768	0
05	0	779	11	768	0
05	0	780	1	780	0
05	0	780	0	780	0
05	0	780	10	780	0
05	0	780	11	780	0
05	0	781	0	781	0
05	0	781	10	781	0
05	0	782	0	351	0
05	0	782	10	351	0
05	0	782	11	351	0
05	0	783	1	783	0
05	0	783	2	783	0
05	0	783	0	497	0
05	0	783	10	497	0
05	0	783	11	497	0
05	0	783	12	783	0
05	0	783	13	497	0
05	0	784	0	266	1
05	0	784	10	266	1
05	0	784	11	266	1
05	0	785	2	785	0
05	0	785	0	785	0
05	0	785	10	785	0
05	0	785	11	785	0
05	0	785	12	785	0
05	0	786	0	368	0
05	0	786	10	368	0
05	0	786	11	368	0
05	0	787	1	787	0
05	0	787	2	787	0
05	0	787	0	207	0
05	0	787	10	207	0
05	0	787	11	207	0
05	0	787	12	787	0
05	0	788	2	788	0
05	0	788	0	266	0
05	0	788	10	266	0
05	0	788	11	266	0
05	0	788	12	788	0
05	0	789	1	751	0
05	0	790	2	790	0
05	0	790	0	381	0
05	0	790	10	381	0
05	0	790	11	381	0
05	0	790	12	790	0
05	0	790	13	381	0
05	0	791	1	791	0
05	0	791	2	791	0
05	0	791	0	791	0
05	0	792	0	792	0
05	0	792	10	792	0
05	0	792	11	792	0
05	0	795	0	795	0
05	0	795	10	795	0
05	0	795	11	795	0
05	0	796	0	104	0
05	0	796	10	104	0
05	0	796	11	104	0
05	0	797	1	797	0
05	0	797	0	104	0
05	0	797	10	104	0
05	0	797	11	104	0
05	0	798	0	104	1
05	0	798	10	104	1
05	0	798	11	104	1
05	0	799	1	508	0
05	0	799	0	392	0
05	0	799	10	799	0
05	0	799	11	799	0
05	0	799	13	799	0
05	0	800	0	78	0
05	0	800	10	78	0
05	0	800	11	78	0
05	0	801	2	801	0
05	0	801	0	801	0
05	0	801	10	801	0
05	0	801	11	801	0
05	0	801	12	801	0
05	0	801	13	801	0
05	0	802	2	802	0
05	0	802	0	802	0
05	0	802	10	801	0
05	0	802	11	801	0
05	0	802	12	802	0
05	0	802	13	801	0
05	0	803	0	803	0
05	0	803	10	803	0
05	0	803	11	803	0
05	0	804	2	804	0
05	0	804	0	801	0
05	0	804	10	801	0
05	0	804	11	801	0
05	0	804	12	804	0
05	0	804	13	801	0
05	0	807	0	803	0
05	0	807	10	803	0
05	0	807	11	803	0
05	0	808	2	808	0
05	0	808	0	647	0
05	0	808	10	647	0
05	0	808	11	647	0
05	0	808	12	808	0
05	0	812	0	651	1
05	0	812	10	812	0
05	0	812	11	812	0
05	0	814	1	167	1
05	0	815	1	526	0
05	0	815	2	815	0
05	0	815	0	815	0
05	0	815	10	815	0
05	0	815	11	815	0
05	0	815	12	815	0
05	0	816	1	10	0
05	0	816	0	816	0
05	0	816	10	72	0
05	0	816	11	72	0
05	0	817	2	817	0
05	0	817	0	730	0
05	0	817	10	730	0
05	0	817	11	730	0
05	0	817	12	817	0
05	0	818	1	725	0
05	0	818	0	809	0
05	0	819	1	819	0
05	0	819	2	819	0
05	0	819	0	819	0
05	0	819	10	819	0
05	0	819	11	819	0
05	0	819	12	819	0
05	0	821	1	821	0
05	0	821	2	821	0
05	0	821	0	821	0
05	0	821	10	821	0
05	0	821	11	821	0
05	0	821	12	821	0
05	0	822	0	367	0
05	0	822	10	367	0
05	0	822	11	367	0
05	0	823	1	823	0
05	0	823	2	823	0
05	0	823	0	823	0
05	0	823	10	823	0
05	0	823	11	823	0
05	0	823	12	823	0
05	0	824	0	824	0
05	0	824	10	824	0
05	0	824	11	824	0
05	0	825	0	824	0
05	0	825	10	824	1
05	0	825	11	824	1
05	0	826	2	826	0
05	0	826	0	824	0
05	0	826	10	824	1
05	0	826	11	824	1
05	0	827	1	542	0
05	0	827	0	827	0
05	0	827	10	827	0
05	0	827	11	827	0
05	0	828	2	828	0
05	0	828	0	828	0
05	0	838	2	838	0
05	0	838	0	838	0
05	0	838	10	838	0
05	0	838	12	838	0
05	0	839	1	839	0
05	0	839	2	839	0
05	0	839	0	838	0
05	0	839	10	838	0
05	0	839	12	839	0
05	0	840	0	840	0
05	0	840	10	840	0
05	0	840	11	840	0
05	0	841	1	823	0
05	0	841	2	841	0
05	0	841	0	841	0
05	0	841	10	841	0
05	0	841	11	841	0
05	0	841	12	841	0
05	0	842	0	198	0
05	0	842	10	198	0
05	0	842	11	198	0
05	0	842	13	198	0
05	0	843	1	630	1
05	0	843	2	843	0
05	0	843	0	6	0
05	0	843	10	6	0
05	0	843	11	6	0
05	0	843	12	843	0
05	0	844	1	694	0
05	0	844	2	844	0
05	0	844	0	730	1
05	0	844	10	730	1
05	0	844	11	730	1
05	0	844	12	844	0
05	0	845	2	845	0
05	0	845	0	845	0
05	0	845	10	845	0
05	0	845	11	846	1
05	0	845	12	845	0
05	0	845	13	845	0
05	0	846	2	846	0
05	0	846	0	845	0
05	0	846	10	845	0
05	0	846	11	846	0
05	0	846	12	846	0
05	0	846	13	845	0
05	0	847	2	847	0
05	0	847	0	845	0
05	0	847	10	845	0
05	0	847	11	846	0
05	0	847	12	847	0
05	0	847	13	845	0
05	0	849	2	849	0
05	0	849	0	727	0
05	0	849	10	727	0
05	0	849	11	727	0
05	0	849	12	849	0
05	0	850	1	850	0
05	0	853	1	69	1
05	0	854	1	488	1
05	0	855	1	855	0
05	0	855	0	855	0
05	0	855	10	855	0
05	0	855	11	855	0
05	0	856	1	855	0
05	0	857	0	651	0
05	0	857	10	812	0
05	0	857	11	812	0
05	0	858	1	858	0
05	0	859	0	840	0
05	0	859	10	840	0
05	0	859	11	840	0
05	0	860	1	693	0
05	0	860	0	816	0
05	0	860	10	72	0
05	0	860	11	72	0
05	0	862	1	693	0
05	0	862	2	862	0
05	0	862	0	513	0
05	0	862	10	513	0
05	0	862	11	513	1
05	0	862	12	862	0
05	0	862	13	697	0
05	0	863	1	863	0
05	0	863	0	863	0
05	0	863	10	863	0
05	0	864	10	864	0
05	0	864	11	864	0
05	0	866	0	809	1
05	0	867	1	867	0
05	0	867	0	867	0
05	0	867	10	867	0
05	0	867	11	867	0
05	0	868	2	868	0
05	0	868	0	867	0
05	0	868	10	867	0
05	0	868	11	867	0
05	0	868	12	868	0
05	0	869	1	869	0
05	0	869	0	869	0
05	0	869	10	869	0
05	0	869	11	869	0
05	0	870	2	870	0
05	0	870	0	60	0
05	0	870	10	60	0
05	0	870	11	61	0
05	0	870	12	870	0
05	0	871	1	871	0
05	0	872	0	872	0
05	0	872	10	872	0
05	0	873	1	333	0
05	0	874	0	874	0
05	0	874	10	874	0
05	0	875	1	875	0
05	0	875	0	874	0
05	0	875	10	874	0
05	0	876	0	874	0
05	0	876	10	874	0
05	0	877	1	858	0
05	0	877	0	502	0
05	0	877	10	502	0
05	0	877	11	502	0
05	0	878	1	878	0
05	0	879	1	879	0
05	0	879	2	879	0
05	0	879	0	879	0
05	0	879	10	879	0
05	0	879	11	879	0
05	0	879	12	879	0
05	0	882	1	882	0
05	0	886	1	888	1
05	0	887	0	840	0
05	0	887	10	840	0
05	0	887	11	840	0
05	0	888	1	888	0
05	0	890	1	888	0
05	0	890	2	890	0
05	0	890	0	890	0
05	0	891	1	891	0
05	0	891	2	891	0
05	0	891	0	891	0
05	0	891	10	891	0
05	0	891	11	891	0
05	0	891	12	891	0
05	0	891	13	891	0
05	0	892	0	295	0
05	0	892	10	295	0
05	0	892	11	295	0
05	0	893	2	893	0
05	0	893	0	295	1
05	0	893	10	295	1
05	0	893	11	295	1
05	0	893	12	893	0
05	0	894	0	304	0
05	0	894	10	304	1
05	0	894	11	304	1
05	0	895	0	568	0
05	0	895	10	568	1
05	0	897	1	867	1
05	0	897	0	897	0
05	0	897	10	897	0
05	0	897	11	897	0
05	0	898	1	508	1
05	0	898	0	897	1
05	0	898	10	897	1
05	0	898	11	897	1
05	0	900	1	341	0
05	0	900	2	900	0
05	0	900	0	900	0
05	0	900	10	900	0
05	0	900	11	900	0
05	0	900	12	900	0
05	0	900	13	900	0
05	0	901	0	304	1
05	0	901	10	304	0
05	0	901	11	304	0
05	0	902	1	867	1
05	0	902	0	568	1
05	0	902	10	568	0
05	0	903	1	256	1
05	0	903	2	903	0
05	0	903	0	903	0
05	0	904	1	904	0
05	0	905	1	905	0
05	0	905	0	568	0
05	0	905	10	568	0
05	0	906	2	906	0
05	0	906	0	647	0
05	0	906	10	647	1
05	0	906	11	647	1
05	0	908	2	908	0
05	0	908	0	908	0
05	0	908	10	908	0
05	0	908	11	908	0
05	0	908	12	908	0
05	0	909	1	867	1
05	0	910	1	910	0
05	0	911	0	295	0
05	0	911	10	295	0
05	0	911	11	295	0
05	0	912	1	912	0
05	0	913	1	858	0
05	0	913	2	913	0
05	0	913	0	624	1
05	0	913	10	624	1
05	0	913	11	624	1
05	0	913	12	913	0
05	0	913	13	913	0
05	0	915	0	402	1
05	0	915	10	402	1
05	0	915	11	642	1
05	0	916	1	916	0
05	0	916	0	916	0
05	0	916	10	916	0
05	0	916	11	916	0
05	0	917	1	917	0
05	0	919	2	919	0
05	0	919	0	919	0
05	0	919	10	919	0
05	0	919	12	919	0
05	0	919	13	919	0
05	0	920	2	920	0
05	0	920	0	919	0
05	0	920	10	919	0
05	0	920	12	920	0
05	0	920	13	919	0
05	0	921	2	921	0
05	0	921	0	366	0
05	0	921	10	366	0
05	0	921	11	570	0
05	0	921	12	921	0
05	0	921	13	366	0
05	0	922	2	922	0
05	0	922	0	919	1
05	0	922	10	919	0
05	0	922	12	922	0
05	0	922	13	919	0
05	0	923	1	934	1
05	0	923	2	923	0
05	0	923	0	392	0
05	0	923	10	799	0
05	0	923	11	799	0
05	0	923	12	923	0
05	0	923	13	799	1
05	0	924	1	924	0
05	0	924	2	924	0
05	0	924	0	924	0
05	0	924	10	924	0
05	0	924	11	924	0
05	0	924	12	924	0
05	0	925	1	630	0
05	0	925	0	304	0
05	0	925	10	304	0
05	0	925	11	304	0
05	0	927	1	615	0
05	0	927	2	927	0
05	0	927	0	919	0
05	0	927	10	919	1
05	0	927	12	927	0
05	0	927	13	919	1
05	0	928	2	928	0
05	0	928	0	928	0
05	0	929	1	929	0
05	0	929	2	929	0
05	0	929	0	368	0
05	0	929	10	368	0
05	0	929	11	368	0
05	0	929	12	929	0
05	0	930	1	929	0
05	0	930	2	930	0
05	0	930	0	930	0
05	0	930	10	930	0
05	0	930	11	930	0
05	0	930	12	930	0
05	0	932	1	929	1
05	0	933	1	929	0
05	0	933	0	933	0
05	0	934	1	934	0
05	0	934	2	934	0
05	0	934	0	930	0
05	0	934	10	930	1
05	0	934	11	930	1
05	0	935	2	935	0
05	0	935	0	930	0
05	0	935	10	930	0
05	0	935	11	930	0
05	0	935	12	935	0
05	0	936	1	936	0
05	0	938	1	934	0
05	0	940	1	924	0
05	0	942	0	942	0
05	0	942	10	942	0
05	0	942	11	942	0
05	0	943	1	431	0
05	0	943	2	943	0
05	0	943	0	943	0
05	0	943	10	943	0
05	0	943	11	943	0
05	0	943	12	943	0
05	0	943	13	943	0
05	0	944	1	611	0
05	0	944	0	944	0
05	0	944	10	944	0
05	0	950	1	262	0
05	0	952	1	333	0
05	0	953	2	953	0
05	0	953	0	695	0
05	0	953	10	53	0
05	0	953	12	953	0
05	0	954	2	954	0
05	0	954	0	53	0
05	0	954	10	961	1
05	0	954	11	961	1
05	0	955	1	468	0
05	0	955	0	458	0
05	0	955	10	458	0
05	0	955	11	458	0
05	0	955	13	458	0
05	0	957	1	957	0
05	0	957	0	64	0
05	0	957	10	64	0
05	0	958	1	958	0
05	0	958	2	958	0
05	0	958	0	958	0
05	0	959	2	959	0
05	0	959	0	959	0
05	0	959	10	959	0
05	0	959	11	959	0
05	0	959	12	959	0
05	0	960	1	960	0
05	0	960	0	960	0
05	0	961	1	961	0
05	0	961	2	961	0
05	0	961	0	53	0
05	0	961	10	961	0
05	0	961	11	961	0
05	0	961	12	961	0
05	0	962	1	961	0
05	0	962	2	962	0
05	0	962	0	727	0
05	0	962	10	727	0
05	0	962	11	727	0
05	0	962	12	962	0
05	0	963	1	961	0
05	0	965	1	482	0
05	0	965	0	679	0
05	0	965	10	679	0
05	0	965	11	679	0
05	0	966	1	107	0
05	0	966	0	966	0
05	0	966	10	966	0
05	0	967	0	967	0
05	0	967	10	967	0
05	0	968	0	966	0
05	0	968	10	966	0
05	0	969	1	969	0
05	0	970	1	970	0
05	0	970	0	970	0
05	0	970	10	970	0
05	0	971	0	971	0
05	0	971	10	916	0
05	0	971	11	916	0
05	0	974	1	970	0
05	0	975	1	783	0
05	0	975	0	759	0
05	0	975	10	759	0
05	0	975	11	759	0
05	0	977	0	977	0
05	0	977	10	977	0
05	0	977	11	977	0
05	0	978	1	787	1
05	0	978	2	978	0
05	0	978	0	294	0
05	0	978	10	294	0
05	0	978	11	294	0
05	0	978	12	978	0
05	0	979	2	979	0
05	0	979	0	979	0
05	0	979	10	25	0
05	0	979	11	25	0
05	0	979	12	979	0
05	0	980	2	980	0
05	0	980	0	980	0
05	0	980	10	980	0
05	0	980	11	980	0
05	0	980	12	980	0
05	0	980	13	980	0
05	0	981	1	981	0
05	0	982	0	982	0
05	0	982	10	982	0
05	0	982	11	982	0
05	0	983	0	248	0
05	0	983	10	983	0
05	0	983	11	983	0
05	0	984	2	984	0
05	0	984	0	984	0
05	0	984	10	984	0
05	0	984	12	984	0
05	0	985	1	879	0
05	0	985	2	985	0
05	0	985	0	985	0
05	0	986	0	986	0
05	0	986	10	986	0
05	0	986	13	986	0
05	0	987	2	987	0
05	0	987	0	987	0
05	0	987	10	987	0
05	0	987	11	987	0
05	0	987	12	987	0
05	0	987	13	987	0
05	0	988	2	988	0
05	0	988	0	987	0
05	0	988	10	987	0
05	0	988	11	987	0
05	0	988	12	988	0
05	0	988	13	987	0
05	0	989	2	989	0
05	0	989	0	989	0
05	0	989	10	989	0
05	0	989	11	989	0
05	0	989	12	989	0
05	0	989	13	989	0
05	0	990	1	990	0
05	0	990	2	990	0
05	0	990	0	990	0
05	0	990	10	990	0
05	0	990	11	990	0
05	0	991	1	448	0
05	0	991	2	991	0
05	0	991	0	991	0
05	0	991	10	991	0
05	0	991	11	991	0
05	0	991	12	991	0
05	0	991	13	991	0
05	0	993	1	993	0
05	0	994	1	993	0
05	0	995	1	993	0
05	0	996	0	101	0
05	0	996	10	996	0
05	0	996	11	996	0
05	0	997	1	997	0
05	0	997	2	997	0
05	0	997	0	997	0
05	0	998	1	998	0
05	0	998	2	998	0
05	0	998	0	990	0
05	0	998	10	990	0
05	0	998	11	990	0
05	0	998	12	998	0
05	0	999	2	999	0
05	0	999	0	990	0
05	0	999	10	990	0
05	0	999	11	990	0
05	0	1000	0	1000	0
05	0	1004	2	1004	0
05	0	1004	0	1004	0
05	0	1004	10	1004	0
05	0	1004	12	1004	0
05	0	1004	13	1004	0
05	0	1005	2	1005	0
05	0	1005	0	1005	0
05	0	1005	10	1005	0
05	0	1005	11	1005	0
05	0	1005	12	1005	0
05	0	1005	13	1005	0
05	0	1006	0	1006	0
05	0	1006	10	1006	0
05	0	1006	11	1006	0
05	0	1008	2	1008	0
05	0	1008	0	1008	0
05	0	1008	10	437	0
05	0	1008	11	437	0
05	0	1008	12	1008	0
05	0	1011	2	1011	0
05	0	1011	0	1011	0
05	0	1011	10	1011	0
05	0	1011	11	1011	0
05	0	1011	12	1011	0
05	0	1012	1	1012	0
05	0	1012	0	1012	0
05	0	1012	10	1012	0
05	0	1012	11	1012	0
05	0	1012	13	1012	0
05	0	1013	1	1013	0
05	0	1013	0	1013	0
05	0	1013	10	1013	0
05	0	1013	13	1013	0
05	0	1014	1	250	0
05	0	1014	2	1014	0
05	0	1014	0	1008	0
05	0	1014	10	437	0
05	0	1014	11	437	0
05	0	1014	12	1014	0
05	0	1015	1	6	0
05	0	1015	2	1015	0
05	0	1015	0	1015	0
05	0	1015	10	1015	0
05	0	1015	11	1015	0
05	0	1015	12	1015	0
05	0	1015	13	1015	0
05	0	1016	1	879	1
05	0	1016	0	1016	0
05	0	1016	10	1016	0
05	0	1016	13	1016	0
05	0	1017	1	1018	1
05	0	1017	0	1017	0
05	0	1018	1	1018	0
05	0	1018	2	1018	0
05	0	1018	0	1018	0
05	0	1021	0	1021	0
05	0	1021	10	1021	0
05	0	1021	11	1021	0
05	0	1021	13	1024	1
05	0	1022	1	875	0
05	0	1022	2	1022	0
05	0	1022	0	1022	0
05	0	1022	10	1022	0
05	0	1022	11	1022	0
05	0	1022	12	1022	0
05	0	1024	0	1024	0
05	0	1024	10	1021	0
05	0	1024	11	1021	0
05	0	1024	12	1024	0
05	0	1024	13	1024	0
05	0	1027	2	1027	0
05	0	1027	0	1027	0
05	0	1028	0	91	0
05	0	1028	10	91	0
05	0	1028	11	91	1
05	0	1029	2	1029	0
05	0	1029	0	1029	0
05	0	1029	10	1029	0
05	0	1029	12	1029	0
05	0	1029	13	1029	0
05	0	1031	1	787	0
05	0	1031	0	1031	0
05	0	1031	10	1031	0
05	0	1031	11	1031	0
05	0	1033	0	1033	0
05	0	1033	10	1021	0
05	0	1033	11	1021	0
05	0	1033	13	1024	1
05	0	1035	10	1035	0
05	0	1035	11	1035	0
05	0	1036	10	1036	0
05	0	1036	11	1036	0
05	0	1036	12	1036	0
05	0	1039	1	630	0
05	0	1039	2	1039	0
05	0	1039	0	1039	0
05	0	1039	10	1039	0
05	0	1039	11	1039	0
05	0	1039	12	1039	0
05	0	1039	13	1039	0
05	0	1040	0	1040	0
05	0	1044	0	1044	0
05	0	1044	10	1044	0
05	0	1045	0	1045	0
05	0	1045	10	1045	0
05	0	1045	11	1045	0
05	0	1046	0	1046	0
05	0	1047	1	1047	0
05	0	1047	0	1047	0
05	0	1047	10	1047	0
05	0	1047	11	1047	0
05	0	1048	1	1048	0
05	0	1048	0	1048	0
05	0	1051	0	1051	0
05	0	1051	10	1051	0
05	0	1053	0	1053	0
05	0	1053	10	1053	0
05	0	1053	11	1053	0
05	0	1053	12	1053	0
05	0	1053	13	1053	0
05	0	1054	0	1054	0
05	0	1054	10	1053	0
05	0	1054	11	1053	0
05	0	1054	12	1054	0
05	0	1054	13	1053	0
05	0	1055	0	1055	0
05	0	1055	10	1055	0
05	0	1055	13	1055	0
05	0	1056	0	1056	0
05	0	1056	10	1056	0
05	0	1056	11	1056	0
05	0	1056	12	1056	0
05	0	1057	1	615	0
05	0	1057	0	1057	0
05	0	1057	10	1057	0
05	0	1057	11	1057	0
05	0	1058	0	1058	0
05	0	1058	10	53	0
