result_no	generate_no	p_no	s_no	name	sp	power	hit	range	timing_id	gems	spell_id	
01	0	1	1	ショット	10	100	100	3	27		1
01	0	1	2	シールド	10	100	-1	-1	28		2
01	0	2	1	ショット	10	100	100	3	27		1
01	0	2	2	シールド	10	100	-1	-1	28		2
01	0	3	1	ショット	10	100	100	3	27		1
01	0	3	2	シールド	10	100	-1	-1	28		2
01	0	4	1	ショット	10	100	100	3	27		1
01	0	4	2	シールド	10	100	-1	-1	28		2
01	0	5	1	ショット	10	100	100	3	27		1
01	0	5	2	シールド	10	100	-1	-1	28		2
01	0	6	1	ショット	10	100	100	3	27		1
01	0	6	2	シールド	10	100	-1	-1	28		2
01	0	7	1	ショット	10	100	100	3	27		1
01	0	7	2	シールド	10	100	-1	-1	28		2
01	0	8	1	ショット	10	100	100	3	27		1
01	0	8	2	シールド	10	100	-1	-1	28		2
01	0	9	1	ショット	10	100	100	3	27		1
01	0	9	2	シールド	10	100	-1	-1	28		2
01	0	10	1	ショット	10	100	100	3	27		1
01	0	10	2	シールド	10	100	-1	-1	28		2
01	0	11	1	ショット	10	100	100	3	27		1
01	0	11	2	シールド	10	100	-1	-1	28		2
01	0	12	1	ショット	10	100	100	3	27		1
01	0	12	2	シールド	10	100	-1	-1	28		2
01	0	13	1	ショット	10	100	100	3	27		1
01	0	13	2	シールド	10	100	-1	-1	28		2
01	0	14	1	ショット	10	100	100	3	27		1
01	0	14	2	シールド	10	100	-1	-1	28		2
01	0	15	1	ショット	10	100	100	3	27		1
01	0	15	2	シールド	10	100	-1	-1	28		2
01	0	16	1	ショット	10	100	100	3	27		1
01	0	16	2	シールド	10	100	-1	-1	28		2
01	0	17	1	ショット	10	100	100	3	27		1
01	0	17	2	シールド	10	100	-1	-1	28		2
01	0	18	1	ショット	10	100	100	3	27		1
01	0	18	2	シールド	10	100	-1	-1	28		2
01	0	19	1	ショット	10	100	100	3	27		1
01	0	19	2	シールド	10	100	-1	-1	28		2
01	0	20	1	ショット	10	100	100	3	27		1
01	0	20	2	シールド	10	100	-1	-1	28		2
01	0	21	1	ショット	10	100	100	3	27		1
01	0	21	2	シールド	10	100	-1	-1	28		2
01	0	22	1	ショット	10	100	100	3	27		1
01	0	22	2	シールド	10	100	-1	-1	28		2
01	0	23	1	ショット	10	100	100	3	27		1
01	0	23	2	シールド	10	100	-1	-1	28		2
01	0	24	1	ショット	10	100	100	3	27		1
01	0	24	2	シールド	10	100	-1	-1	28		2
01	0	25	1	ショット	10	100	100	3	27		1
01	0	25	2	シールド	10	100	-1	-1	28		2
01	0	26	1	ショット	10	100	100	3	27		1
01	0	26	2	シールド	10	100	-1	-1	28		2
01	0	27	1	ショット	10	100	100	3	27		1
01	0	27	2	シールド	10	100	-1	-1	28		2
01	0	28	1	ショット	10	100	100	3	27		1
01	0	28	2	シールド	10	100	-1	-1	28		2
01	0	29	1	ショット	10	100	100	3	27		1
01	0	29	2	シールド	10	100	-1	-1	28		2
01	0	30	1	ショット	10	100	100	3	27		1
01	0	30	2	シールド	10	100	-1	-1	28		2
01	0	31	1	ショット	10	100	100	3	27		1
01	0	31	2	シールド	10	100	-1	-1	28		2
01	0	32	1	ショット	10	100	100	3	27		1
01	0	32	2	シールド	10	100	-1	-1	28		2
01	0	33	1	ショット	10	100	100	3	27		1
01	0	33	2	シールド	10	100	-1	-1	28		2
01	0	34	1	ショット	10	100	100	3	27		1
01	0	34	2	シールド	10	100	-1	-1	28		2
01	0	35	1	ショット	10	100	100	3	27		1
01	0	35	2	シールド	10	100	-1	-1	28		2
01	0	36	1	ショット	10	100	100	3	27		1
01	0	36	2	シールド	10	100	-1	-1	28		2
01	0	37	1	ショット	10	100	100	3	27		1
01	0	37	2	シールド	10	100	-1	-1	28		2
01	0	38	1	ショット	10	100	100	3	27		1
01	0	38	2	シールド	10	100	-1	-1	28		2
01	0	39	1	ショット	10	100	100	3	27		1
01	0	39	2	シールド	10	100	-1	-1	28		2
01	0	40	1	ショット	10	100	100	3	27		1
01	0	40	2	シールド	10	100	-1	-1	28		2
01	0	41	1	ショット	10	100	100	3	27		1
01	0	41	2	シールド	10	100	-1	-1	28		2
01	0	42	1	ショット	10	100	100	3	27		1
01	0	42	2	シールド	10	100	-1	-1	28		2
01	0	43	1	ショット	10	100	100	3	27		1
01	0	43	2	シールド	10	100	-1	-1	28		2
01	0	44	1	ショット	10	100	100	3	27		1
01	0	44	2	シールド	10	100	-1	-1	28		2
01	0	45	1	ショット	10	100	100	3	27		1
01	0	45	2	シールド	10	100	-1	-1	28		2
01	0	46	1	ショット	10	100	100	3	27		1
01	0	46	2	シールド	10	100	-1	-1	28		2
01	0	47	1	ショット	10	100	100	3	27		1
01	0	47	2	シールド	10	100	-1	-1	28		2
01	0	48	1	ショット	10	100	100	3	27		1
01	0	48	2	シールド	10	100	-1	-1	28		2
01	0	49	1	ショット	10	100	100	3	27		1
01	0	49	2	シールド	10	100	-1	-1	28		2
01	0	50	1	ショット	10	100	100	3	27		1
01	0	50	2	シールド	10	100	-1	-1	28		2
01	0	51	1	ショット	10	100	100	3	27		1
01	0	51	2	シールド	10	100	-1	-1	28		2
01	0	52	1	ショット	10	100	100	3	27		1
01	0	52	2	シールド	10	100	-1	-1	28		2
01	0	53	1	ショット	10	100	100	3	27		1
01	0	53	2	シールド	10	100	-1	-1	28		2
01	0	54	1	ショット	10	100	100	3	27		1
01	0	54	2	シールド	10	100	-1	-1	28		2
01	0	55	1	ショット	10	100	100	3	27		1
01	0	55	2	シールド	10	100	-1	-1	28		2
01	0	56	1	ショット	10	100	100	3	27		1
01	0	56	2	シールド	10	100	-1	-1	28		2
01	0	57	1	ショット	10	100	100	3	27		1
01	0	57	2	シールド	10	100	-1	-1	28		2
01	0	58	1	ショット	10	100	100	3	27		1
01	0	58	2	シールド	10	100	-1	-1	28		2
01	0	59	1	ショット	10	100	100	3	27		1
01	0	59	2	シールド	10	100	-1	-1	28		2
01	0	60	1	ショット	10	100	100	3	27		1
01	0	60	2	シールド	10	100	-1	-1	28		2
01	0	61	1	ショット	10	100	100	3	27		1
01	0	61	2	シールド	10	100	-1	-1	28		2
01	0	62	1	ショット	10	100	100	3	27		1
01	0	62	2	シールド	10	100	-1	-1	28		2
01	0	63	1	ショット	10	100	100	3	27		1
01	0	63	2	シールド	10	100	-1	-1	28		2
01	0	64	1	ショット	10	100	100	3	27		1
01	0	64	2	シールド	10	100	-1	-1	28		2
01	0	65	1	ショット	10	100	100	3	27		1
01	0	65	2	シールド	10	100	-1	-1	28		2
01	0	66	1	ショット	10	100	100	3	27		1
01	0	66	2	シールド	10	100	-1	-1	28		2
01	0	67	1	ショット	10	100	100	3	27		1
01	0	67	2	シールド	10	100	-1	-1	28		2
01	0	68	1	ショット	10	100	100	3	27		1
01	0	68	2	シールド	10	100	-1	-1	28		2
01	0	69	1	ショット	10	100	100	3	27		1
01	0	69	2	シールド	10	100	-1	-1	28		2
01	0	70	1	ショット	10	100	100	3	27		1
01	0	70	2	シールド	10	100	-1	-1	28		2
01	0	71	1	ショット	10	100	100	3	27		1
01	0	71	2	シールド	10	100	-1	-1	28		2
01	0	72	1	ショット	10	100	100	3	27		1
01	0	72	2	シールド	10	100	-1	-1	28		2
01	0	73	1	ショット	10	100	100	3	27		1
01	0	73	2	シールド	10	100	-1	-1	28		2
01	0	74	1	ショット	10	100	100	3	27		1
01	0	74	2	シールド	10	100	-1	-1	28		2
01	0	76	1	ショット	10	100	100	3	27		1
01	0	76	2	シールド	10	100	-1	-1	28		2
01	0	77	1	ショット	10	100	100	3	27		1
01	0	77	2	シールド	10	100	-1	-1	28		2
01	0	78	1	ショット	10	100	100	3	27		1
01	0	78	2	シールド	10	100	-1	-1	28		2
01	0	79	1	ショット	10	100	100	3	27		1
01	0	79	2	シールド	10	100	-1	-1	28		2
01	0	80	1	ショット	10	100	100	3	27		1
01	0	80	2	シールド	10	100	-1	-1	28		2
01	0	81	1	ショット	10	100	100	3	27		1
01	0	81	2	シールド	10	100	-1	-1	28		2
01	0	82	1	ショット	10	100	100	3	27		1
01	0	82	2	シールド	10	100	-1	-1	28		2
01	0	83	1	ショット	10	100	100	3	27		1
01	0	83	2	シールド	10	100	-1	-1	28		2
01	0	84	1	ショット	10	100	100	3	27		1
01	0	84	2	シールド	10	100	-1	-1	28		2
01	0	91	1	ショット	10	100	100	3	27		1
01	0	91	2	シールド	10	100	-1	-1	28		2
01	0	92	1	ショット	10	100	100	3	27		1
01	0	92	2	シールド	10	100	-1	-1	28		2
01	0	93	1	ショット	10	100	100	3	27		1
01	0	93	2	シールド	10	100	-1	-1	28		2
01	0	94	1	ショット	10	100	100	3	27		1
01	0	94	2	シールド	10	100	-1	-1	28		2
01	0	95	1	ショット	10	100	100	3	27		1
01	0	95	2	シールド	10	100	-1	-1	28		2
01	0	96	1	ショット	10	100	100	3	27		1
01	0	96	2	シールド	10	100	-1	-1	28		2
01	0	97	1	ショット	10	100	100	3	27		1
01	0	97	2	シールド	10	100	-1	-1	28		2
01	0	99	1	ショット	10	100	100	3	27		1
01	0	99	2	シールド	10	100	-1	-1	28		2
01	0	100	1	ショット	10	100	100	3	27		1
01	0	100	2	シールド	10	100	-1	-1	28		2
01	0	101	1	ショット	10	100	100	3	27		1
01	0	101	2	シールド	10	100	-1	-1	28		2
01	0	102	1	ショット	10	100	100	3	27		1
01	0	102	2	シールド	10	100	-1	-1	28		2
01	0	103	1	ショット	10	100	100	3	27		1
01	0	103	2	シールド	10	100	-1	-1	28		2
01	0	104	1	ショット	10	100	100	3	27		1
01	0	104	2	シールド	10	100	-1	-1	28		2
01	0	105	1	ショット	10	100	100	3	27		1
01	0	105	2	シールド	10	100	-1	-1	28		2
01	0	106	1	ショット	10	100	100	3	27		1
01	0	106	2	シールド	10	100	-1	-1	28		2
01	0	107	1	ショット	10	100	100	3	27		1
01	0	107	2	シールド	10	100	-1	-1	28		2
01	0	108	1	ショット	10	100	100	3	27		1
01	0	108	2	シールド	10	100	-1	-1	28		2
01	0	109	1	ショット	10	100	100	3	27		1
01	0	109	2	シールド	10	100	-1	-1	28		2
01	0	110	1	ショット	10	100	100	3	27		1
01	0	110	2	シールド	10	100	-1	-1	28		2
01	0	111	1	ショット	10	100	100	3	27		1
01	0	111	2	シールド	10	100	-1	-1	28		2
01	0	112	1	ショット	10	100	100	3	27		1
01	0	112	2	シールド	10	100	-1	-1	28		2
01	0	113	1	ショット	10	100	100	3	27		1
01	0	113	2	シールド	10	100	-1	-1	28		2
01	0	114	1	ショット	10	100	100	3	27		1
01	0	114	2	シールド	10	100	-1	-1	28		2
01	0	115	1	ショット	10	100	100	3	27		1
01	0	115	2	シールド	10	100	-1	-1	28		2
01	0	116	1	ショット	10	100	100	3	27		1
01	0	116	2	シールド	10	100	-1	-1	28		2
01	0	117	1	ショット	10	100	100	3	27		1
01	0	117	2	シールド	10	100	-1	-1	28		2
01	0	118	1	ショット	10	100	100	3	27		1
01	0	118	2	シールド	10	100	-1	-1	28		2
01	0	119	1	ショット	10	100	100	3	27		1
01	0	119	2	シールド	10	100	-1	-1	28		2
01	0	120	1	ショット	10	100	100	3	27		1
01	0	120	2	シールド	10	100	-1	-1	28		2
01	0	121	1	ショット	10	100	100	3	27		1
01	0	121	2	シールド	10	100	-1	-1	28		2
01	0	122	1	ショット	10	100	100	3	27		1
01	0	122	2	シールド	10	100	-1	-1	28		2
01	0	123	1	ショット	10	100	100	3	27		1
01	0	123	2	シールド	10	100	-1	-1	28		2
01	0	124	1	ショット	10	100	100	3	27		1
01	0	124	2	シールド	10	100	-1	-1	28		2
01	0	125	1	ショット	10	100	100	3	27		1
01	0	125	2	シールド	10	100	-1	-1	28		2
01	0	126	1	ショット	10	100	100	3	27		1
01	0	126	2	シールド	10	100	-1	-1	28		2
01	0	127	1	ショット	10	100	100	3	27		1
01	0	127	2	シールド	10	100	-1	-1	28		2
01	0	128	1	ショット	10	100	100	3	27		1
01	0	128	2	シールド	10	100	-1	-1	28		2
01	0	129	1	ショット	10	100	100	3	27		1
01	0	129	2	シールド	10	100	-1	-1	28		2
01	0	130	1	ショット	10	100	100	3	27		1
01	0	130	2	シールド	10	100	-1	-1	28		2
01	0	131	1	ショット	10	100	100	3	27		1
01	0	131	2	シールド	10	100	-1	-1	28		2
01	0	132	1	ショット	10	100	100	3	27		1
01	0	132	2	シールド	10	100	-1	-1	28		2
01	0	133	1	ショット	10	100	100	3	27		1
01	0	133	2	シールド	10	100	-1	-1	28		2
01	0	134	1	ショット	10	100	100	3	27		1
01	0	134	2	シールド	10	100	-1	-1	28		2
01	0	135	1	ショット	10	100	100	3	27		1
01	0	135	2	シールド	10	100	-1	-1	28		2
01	0	136	1	ショット	10	100	100	3	27		1
01	0	136	2	シールド	10	100	-1	-1	28		2
01	0	137	1	ショット	10	100	100	3	27		1
01	0	137	2	シールド	10	100	-1	-1	28		2
01	0	139	1	ショット	10	100	100	3	27		1
01	0	139	2	シールド	10	100	-1	-1	28		2
01	0	142	1	ショット	10	100	100	3	27		1
01	0	142	2	シールド	10	100	-1	-1	28		2
01	0	143	1	ショット	10	100	100	3	27		1
01	0	143	2	シールド	10	100	-1	-1	28		2
01	0	144	1	ショット	10	100	100	3	27		1
01	0	144	2	シールド	10	100	-1	-1	28		2
01	0	145	1	ショット	10	100	100	3	27		1
01	0	145	2	シールド	10	100	-1	-1	28		2
01	0	146	1	ショット	10	100	100	3	27		1
01	0	146	2	シールド	10	100	-1	-1	28		2
01	0	147	1	ショット	10	100	100	3	27		1
01	0	147	2	シールド	10	100	-1	-1	28		2
01	0	148	1	ショット	10	100	100	3	27		1
01	0	148	2	シールド	10	100	-1	-1	28		2
01	0	149	1	ショット	10	100	100	3	27		1
01	0	149	2	シールド	10	100	-1	-1	28		2
01	0	150	1	ショット	10	100	100	3	27		1
01	0	150	2	シールド	10	100	-1	-1	28		2
01	0	152	1	ショット	10	100	100	3	27		1
01	0	152	2	シールド	10	100	-1	-1	28		2
01	0	153	1	ショット	10	100	100	3	27		1
01	0	153	2	シールド	10	100	-1	-1	28		2
01	0	154	1	ショット	10	100	100	3	27		1
01	0	154	2	シールド	10	100	-1	-1	28		2
01	0	156	1	ショット	10	100	100	3	27		1
01	0	156	2	シールド	10	100	-1	-1	28		2
01	0	157	1	ショット	10	100	100	3	27		1
01	0	157	2	シールド	10	100	-1	-1	28		2
01	0	158	1	ショット	10	100	100	3	27		1
01	0	158	2	シールド	10	100	-1	-1	28		2
01	0	159	1	ショット	10	100	100	3	27		1
01	0	159	2	シールド	10	100	-1	-1	28		2
01	0	160	1	ショット	10	100	100	3	27		1
01	0	160	2	シールド	10	100	-1	-1	28		2
01	0	161	1	ショット	10	100	100	3	27		1
01	0	161	2	シールド	10	100	-1	-1	28		2
01	0	162	1	ショット	10	100	100	3	27		1
01	0	162	2	シールド	10	100	-1	-1	28		2
01	0	163	1	ショット	10	100	100	3	27		1
01	0	163	2	シールド	10	100	-1	-1	28		2
01	0	164	1	ショット	10	100	100	3	27		1
01	0	164	2	シールド	10	100	-1	-1	28		2
01	0	165	1	ショット	10	100	100	3	27		1
01	0	165	2	シールド	10	100	-1	-1	28		2
01	0	166	1	ショット	10	100	100	3	27		1
01	0	166	2	シールド	10	100	-1	-1	28		2
01	0	167	1	ショット	10	100	100	3	27		1
01	0	167	2	シールド	10	100	-1	-1	28		2
01	0	168	1	ショット	10	100	100	3	27		1
01	0	168	2	シールド	10	100	-1	-1	28		2
01	0	169	1	ショット	10	100	100	3	27		1
01	0	169	2	シールド	10	100	-1	-1	28		2
01	0	170	1	ショット	10	100	100	3	27		1
01	0	170	2	シールド	10	100	-1	-1	28		2
01	0	171	1	ショット	10	100	100	3	27		1
01	0	171	2	シールド	10	100	-1	-1	28		2
01	0	172	1	ショット	10	100	100	3	27		1
01	0	172	2	シールド	10	100	-1	-1	28		2
01	0	173	1	ショット	10	100	100	3	27		1
01	0	173	2	シールド	10	100	-1	-1	28		2
01	0	174	1	ショット	10	100	100	3	27		1
01	0	174	2	シールド	10	100	-1	-1	28		2
01	0	176	1	ショット	10	100	100	3	27		1
01	0	176	2	シールド	10	100	-1	-1	28		2
01	0	177	1	ショット	10	100	100	3	27		1
01	0	177	2	シールド	10	100	-1	-1	28		2
01	0	178	1	ショット	10	100	100	3	27		1
01	0	178	2	シールド	10	100	-1	-1	28		2
01	0	179	1	ショット	10	100	100	3	27		1
01	0	179	2	シールド	10	100	-1	-1	28		2
01	0	180	1	ショット	10	100	100	3	27		1
01	0	180	2	シールド	10	100	-1	-1	28		2
01	0	181	1	ショット	10	100	100	3	27		1
01	0	181	2	シールド	10	100	-1	-1	28		2
01	0	182	1	ショット	10	100	100	3	27		1
01	0	182	2	シールド	10	100	-1	-1	28		2
01	0	183	1	ショット	10	100	100	3	27		1
01	0	183	2	シールド	10	100	-1	-1	28		2
01	0	185	1	ショット	10	100	100	3	27		1
01	0	185	2	シールド	10	100	-1	-1	28		2
01	0	186	1	ショット	10	100	100	3	27		1
01	0	186	2	シールド	10	100	-1	-1	28		2
01	0	187	1	ショット	10	100	100	3	27		1
01	0	187	2	シールド	10	100	-1	-1	28		2
01	0	188	1	ショット	10	100	100	3	27		1
01	0	188	2	シールド	10	100	-1	-1	28		2
01	0	189	1	ショット	10	100	100	3	27		1
01	0	189	2	シールド	10	100	-1	-1	28		2
01	0	190	1	ショット	10	100	100	3	27		1
01	0	190	2	シールド	10	100	-1	-1	28		2
01	0	191	1	ショット	10	100	100	3	27		1
01	0	191	2	シールド	10	100	-1	-1	28		2
01	0	192	1	ショット	10	100	100	3	27		1
01	0	192	2	シールド	10	100	-1	-1	28		2
01	0	193	1	ショット	10	100	100	3	27		1
01	0	193	2	シールド	10	100	-1	-1	28		2
01	0	194	1	ショット	10	100	100	3	27		1
01	0	194	2	シールド	10	100	-1	-1	28		2
01	0	195	1	ショット	10	100	100	3	27		1
01	0	195	2	シールド	10	100	-1	-1	28		2
01	0	196	1	ショット	10	100	100	3	27		1
01	0	196	2	シールド	10	100	-1	-1	28		2
01	0	197	1	ショット	10	100	100	3	27		1
01	0	197	2	シールド	10	100	-1	-1	28		2
01	0	198	1	ショット	10	100	100	3	27		1
01	0	198	2	シールド	10	100	-1	-1	28		2
01	0	199	1	ショット	10	100	100	3	27		1
01	0	199	2	シールド	10	100	-1	-1	28		2
01	0	200	1	ショット	10	100	100	3	27		1
01	0	200	2	シールド	10	100	-1	-1	28		2
01	0	201	1	ショット	10	100	100	3	27		1
01	0	201	2	シールド	10	100	-1	-1	28		2
01	0	202	1	ショット	10	100	100	3	27		1
01	0	202	2	シールド	10	100	-1	-1	28		2
01	0	203	1	ショット	10	100	100	3	27		1
01	0	203	2	シールド	10	100	-1	-1	28		2
01	0	204	1	ショット	10	100	100	3	27		1
01	0	204	2	シールド	10	100	-1	-1	28		2
01	0	205	1	ショット	10	100	100	3	27		1
01	0	205	2	シールド	10	100	-1	-1	28		2
01	0	206	1	ショット	10	100	100	3	27		1
01	0	206	2	シールド	10	100	-1	-1	28		2
01	0	207	1	ショット	10	100	100	3	27		1
01	0	207	2	シールド	10	100	-1	-1	28		2
01	0	208	1	ショット	10	100	100	3	27		1
01	0	208	2	シールド	10	100	-1	-1	28		2
01	0	209	1	ショット	10	100	100	3	27		1
01	0	209	2	シールド	10	100	-1	-1	28		2
01	0	210	1	ショット	10	100	100	3	27		1
01	0	210	2	シールド	10	100	-1	-1	28		2
01	0	211	1	ショット	10	100	100	3	27		1
01	0	211	2	シールド	10	100	-1	-1	28		2
01	0	212	1	ショット	10	100	100	3	27		1
01	0	212	2	シールド	10	100	-1	-1	28		2
01	0	213	1	ショット	10	100	100	3	27		1
01	0	213	2	シールド	10	100	-1	-1	28		2
01	0	214	1	ショット	10	100	100	3	27		1
01	0	214	2	シールド	10	100	-1	-1	28		2
01	0	215	1	ショット	10	100	100	3	27		1
01	0	215	2	シールド	10	100	-1	-1	28		2
01	0	216	1	ショット	10	100	100	3	27		1
01	0	216	2	シールド	10	100	-1	-1	28		2
01	0	217	1	ショット	10	100	100	3	27		1
01	0	217	2	シールド	10	100	-1	-1	28		2
01	0	218	1	ショット	10	100	100	3	27		1
01	0	218	2	シールド	10	100	-1	-1	28		2
01	0	219	1	ショット	10	100	100	3	27		1
01	0	219	2	シールド	10	100	-1	-1	28		2
01	0	220	1	ショット	10	100	100	3	27		1
01	0	220	2	シールド	10	100	-1	-1	28		2
01	0	221	1	ショット	10	100	100	3	27		1
01	0	221	2	シールド	10	100	-1	-1	28		2
01	0	222	1	ショット	10	100	100	3	27		1
01	0	222	2	シールド	10	100	-1	-1	28		2
01	0	223	1	ショット	10	100	100	3	27		1
01	0	223	2	シールド	10	100	-1	-1	28		2
01	0	224	1	ショット	10	100	100	3	27		1
01	0	224	2	シールド	10	100	-1	-1	28		2
01	0	225	1	ショット	10	100	100	3	27		1
01	0	225	2	シールド	10	100	-1	-1	28		2
01	0	226	1	ショット	10	100	100	3	27		1
01	0	226	2	シールド	10	100	-1	-1	28		2
01	0	227	1	ショット	10	100	100	3	27		1
01	0	227	2	シールド	10	100	-1	-1	28		2
01	0	228	1	ショット	10	100	100	3	27		1
01	0	228	2	シールド	10	100	-1	-1	28		2
01	0	229	1	ショット	10	100	100	3	27		1
01	0	229	2	シールド	10	100	-1	-1	28		2
01	0	230	1	ショット	10	100	100	3	27		1
01	0	230	2	シールド	10	100	-1	-1	28		2
01	0	231	1	ショット	10	100	100	3	27		1
01	0	231	2	シールド	10	100	-1	-1	28		2
01	0	232	1	ショット	10	100	100	3	27		1
01	0	232	2	シールド	10	100	-1	-1	28		2
01	0	233	1	ショット	10	100	100	3	27		1
01	0	233	2	シールド	10	100	-1	-1	28		2
01	0	234	1	ショット	10	100	100	3	27		1
01	0	234	2	シールド	10	100	-1	-1	28		2
01	0	235	1	ショット	10	100	100	3	27		1
01	0	235	2	シールド	10	100	-1	-1	28		2
01	0	236	1	ショット	10	100	100	3	27		1
01	0	236	2	シールド	10	100	-1	-1	28		2
01	0	237	1	ショット	10	100	100	3	27		1
01	0	237	2	シールド	10	100	-1	-1	28		2
01	0	238	1	ショット	10	100	100	3	27		1
01	0	238	2	シールド	10	100	-1	-1	28		2
01	0	239	1	ショット	10	100	100	3	27		1
01	0	239	2	シールド	10	100	-1	-1	28		2
01	0	240	1	ショット	10	100	100	3	27		1
01	0	240	2	シールド	10	100	-1	-1	28		2
01	0	241	1	ショット	10	100	100	3	27		1
01	0	241	2	シールド	10	100	-1	-1	28		2
01	0	242	1	ショット	10	100	100	3	27		1
01	0	242	2	シールド	10	100	-1	-1	28		2
01	0	243	1	ショット	10	100	100	3	27		1
01	0	243	2	シールド	10	100	-1	-1	28		2
01	0	244	1	ショット	10	100	100	3	27		1
01	0	244	2	シールド	10	100	-1	-1	28		2
01	0	245	1	ショット	10	100	100	3	27		1
01	0	245	2	シールド	10	100	-1	-1	28		2
01	0	246	1	ショット	10	100	100	3	27		1
01	0	246	2	シールド	10	100	-1	-1	28		2
01	0	247	1	ショット	10	100	100	3	27		1
01	0	247	2	シールド	10	100	-1	-1	28		2
01	0	248	1	ショット	10	100	100	3	27		1
01	0	248	2	シールド	10	100	-1	-1	28		2
01	0	249	1	ショット	10	100	100	3	27		1
01	0	249	2	シールド	10	100	-1	-1	28		2
01	0	250	1	ショット	10	100	100	3	27		1
01	0	250	2	シールド	10	100	-1	-1	28		2
01	0	251	1	ショット	10	100	100	3	27		1
01	0	251	2	シールド	10	100	-1	-1	28		2
01	0	252	1	ショット	10	100	100	3	27		1
01	0	252	2	シールド	10	100	-1	-1	28		2
01	0	253	1	ショット	10	100	100	3	27		1
01	0	253	2	シールド	10	100	-1	-1	28		2
01	0	254	1	ショット	10	100	100	3	27		1
01	0	254	2	シールド	10	100	-1	-1	28		2
01	0	255	1	ショット	10	100	100	3	27		1
01	0	255	2	シールド	10	100	-1	-1	28		2
01	0	256	1	ショット	10	100	100	3	27		1
01	0	256	2	シールド	10	100	-1	-1	28		2
01	0	257	1	ショット	10	100	100	3	27		1
01	0	257	2	シールド	10	100	-1	-1	28		2
01	0	258	1	ショット	10	100	100	3	27		1
01	0	258	2	シールド	10	100	-1	-1	28		2
01	0	259	1	ショット	10	100	100	3	27		1
01	0	259	2	シールド	10	100	-1	-1	28		2
01	0	260	1	ショット	10	100	100	3	27		1
01	0	260	2	シールド	10	100	-1	-1	28		2
01	0	261	1	ショット	10	100	100	3	27		1
01	0	261	2	シールド	10	100	-1	-1	28		2
01	0	262	1	ショット	10	100	100	3	27		1
01	0	262	2	シールド	10	100	-1	-1	28		2
01	0	263	1	ショット	10	100	100	3	27		1
01	0	263	2	シールド	10	100	-1	-1	28		2
01	0	264	1	ショット	10	100	100	3	27		1
01	0	264	2	シールド	10	100	-1	-1	28		2
01	0	265	1	ショット	10	100	100	3	27		1
01	0	265	2	シールド	10	100	-1	-1	28		2
01	0	266	1	ショット	10	100	100	3	27		1
01	0	266	2	シールド	10	100	-1	-1	28		2
01	0	267	1	ショット	10	100	100	3	27		1
01	0	267	2	シールド	10	100	-1	-1	28		2
01	0	268	1	ショット	10	100	100	3	27		1
01	0	268	2	シールド	10	100	-1	-1	28		2
01	0	269	1	ショット	10	100	100	3	27		1
01	0	269	2	シールド	10	100	-1	-1	28		2
01	0	270	1	ショット	10	100	100	3	27		1
01	0	270	2	シールド	10	100	-1	-1	28		2
01	0	271	1	ショット	10	100	100	3	27		1
01	0	271	2	シールド	10	100	-1	-1	28		2
01	0	272	1	ショット	10	100	100	3	27		1
01	0	272	2	シールド	10	100	-1	-1	28		2
01	0	273	1	ショット	10	100	100	3	27		1
01	0	273	2	シールド	10	100	-1	-1	28		2
01	0	274	1	ショット	10	100	100	3	27		1
01	0	274	2	シールド	10	100	-1	-1	28		2
01	0	275	1	ショット	10	100	100	3	27		1
01	0	275	2	シールド	10	100	-1	-1	28		2
01	0	276	1	ショット	10	100	100	3	27		1
01	0	276	2	シールド	10	100	-1	-1	28		2
01	0	277	1	ショット	10	100	100	3	27		1
01	0	277	2	シールド	10	100	-1	-1	28		2
01	0	278	1	ショット	10	100	100	3	27		1
01	0	278	2	シールド	10	100	-1	-1	28		2
01	0	279	1	ショット	10	100	100	3	27		1
01	0	279	2	シールド	10	100	-1	-1	28		2
01	0	280	1	ショット	10	100	100	3	27		1
01	0	280	2	シールド	10	100	-1	-1	28		2
01	0	281	1	ショット	10	100	100	3	27		1
01	0	281	2	シールド	10	100	-1	-1	28		2
01	0	282	1	ショット	10	100	100	3	27		1
01	0	282	2	シールド	10	100	-1	-1	28		2
01	0	283	1	ショット	10	100	100	3	27		1
01	0	283	2	シールド	10	100	-1	-1	28		2
01	0	284	1	ショット	10	100	100	3	27		1
01	0	284	2	シールド	10	100	-1	-1	28		2
01	0	285	1	ショット	10	100	100	3	27		1
01	0	285	2	シールド	10	100	-1	-1	28		2
01	0	286	1	ショット	10	100	100	3	27		1
01	0	286	2	シールド	10	100	-1	-1	28		2
01	0	287	1	ショット	10	100	100	3	27		1
01	0	287	2	シールド	10	100	-1	-1	28		2
01	0	288	1	ショット	10	100	100	3	27		1
01	0	288	2	シールド	10	100	-1	-1	28		2
01	0	289	1	ショット	10	100	100	3	27		1
01	0	289	2	シールド	10	100	-1	-1	28		2
01	0	290	1	ショット	10	100	100	3	27		1
01	0	290	2	シールド	10	100	-1	-1	28		2
01	0	291	1	ショット	10	100	100	3	27		1
01	0	291	2	シールド	10	100	-1	-1	28		2
01	0	292	1	ショット	10	100	100	3	27		1
01	0	292	2	シールド	10	100	-1	-1	28		2
01	0	293	1	ショット	10	100	100	3	27		1
01	0	293	2	シールド	10	100	-1	-1	28		2
01	0	294	1	ショット	10	100	100	3	27		1
01	0	294	2	シールド	10	100	-1	-1	28		2
01	0	295	1	ショット	10	100	100	3	27		1
01	0	295	2	シールド	10	100	-1	-1	28		2
01	0	296	1	ショット	10	100	100	3	27		1
01	0	296	2	シールド	10	100	-1	-1	28		2
01	0	297	1	ショット	10	100	100	3	27		1
01	0	297	2	シールド	10	100	-1	-1	28		2
01	0	298	1	ショット	10	100	100	3	27		1
01	0	298	2	シールド	10	100	-1	-1	28		2
01	0	299	1	ショット	10	100	100	3	27		1
01	0	299	2	シールド	10	100	-1	-1	28		2
01	0	300	1	ショット	10	100	100	3	27		1
01	0	300	2	シールド	10	100	-1	-1	28		2
01	0	301	1	ショット	10	100	100	3	27		1
01	0	301	2	シールド	10	100	-1	-1	28		2
01	0	302	1	ショット	10	100	100	3	27		1
01	0	302	2	シールド	10	100	-1	-1	28		2
01	0	303	1	ショット	10	100	100	3	27		1
01	0	303	2	シールド	10	100	-1	-1	28		2
01	0	304	1	ショット	10	100	100	3	27		1
01	0	304	2	シールド	10	100	-1	-1	28		2
01	0	305	1	ショット	10	100	100	3	27		1
01	0	305	2	シールド	10	100	-1	-1	28		2
01	0	306	1	ショット	10	100	100	3	27		1
01	0	306	2	シールド	10	100	-1	-1	28		2
01	0	307	1	ショット	10	100	100	3	27		1
01	0	307	2	シールド	10	100	-1	-1	28		2
01	0	308	1	ショット	10	100	100	3	27		1
01	0	308	2	シールド	10	100	-1	-1	28		2
01	0	309	1	ショット	10	100	100	3	27		1
01	0	309	2	シールド	10	100	-1	-1	28		2
01	0	310	1	ショット	10	100	100	3	27		1
01	0	310	2	シールド	10	100	-1	-1	28		2
01	0	311	1	ショット	10	100	100	3	27		1
01	0	311	2	シールド	10	100	-1	-1	28		2
01	0	312	1	ショット	10	100	100	3	27		1
01	0	312	2	シールド	10	100	-1	-1	28		2
01	0	313	1	ショット	10	100	100	3	27		1
01	0	313	2	シールド	10	100	-1	-1	28		2
01	0	314	1	ショット	10	100	100	3	27		1
01	0	314	2	シールド	10	100	-1	-1	28		2
01	0	315	1	ショット	10	100	100	3	27		1
01	0	315	2	シールド	10	100	-1	-1	28		2
01	0	316	1	ショット	10	100	100	3	27		1
01	0	316	2	シールド	10	100	-1	-1	28		2
01	0	317	1	ショット	10	100	100	3	27		1
01	0	317	2	シールド	10	100	-1	-1	28		2
01	0	318	1	ショット	10	100	100	3	27		1
01	0	318	2	シールド	10	100	-1	-1	28		2
01	0	319	1	ショット	10	100	100	3	27		1
01	0	319	2	シールド	10	100	-1	-1	28		2
01	0	320	1	ショット	10	100	100	3	27		1
01	0	320	2	シールド	10	100	-1	-1	28		2
01	0	321	1	ショット	10	100	100	3	27		1
01	0	321	2	シールド	10	100	-1	-1	28		2
01	0	322	1	ショット	10	100	100	3	27		1
01	0	322	2	シールド	10	100	-1	-1	28		2
01	0	323	1	ショット	10	100	100	3	27		1
01	0	323	2	シールド	10	100	-1	-1	28		2
01	0	324	1	ショット	10	100	100	3	27		1
01	0	324	2	シールド	10	100	-1	-1	28		2
01	0	325	1	ショット	10	100	100	3	27		1
01	0	325	2	シールド	10	100	-1	-1	28		2
01	0	326	1	ショット	10	100	100	3	27		1
01	0	326	2	シールド	10	100	-1	-1	28		2
01	0	327	1	ショット	10	100	100	3	27		1
01	0	327	2	シールド	10	100	-1	-1	28		2
01	0	328	1	ショット	10	100	100	3	27		1
01	0	328	2	シールド	10	100	-1	-1	28		2
01	0	329	1	ショット	10	100	100	3	27		1
01	0	329	2	シールド	10	100	-1	-1	28		2
01	0	330	1	ショット	10	100	100	3	27		1
01	0	330	2	シールド	10	100	-1	-1	28		2
01	0	331	1	ショット	10	100	100	3	27		1
01	0	331	2	シールド	10	100	-1	-1	28		2
01	0	332	1	ショット	10	100	100	3	27		1
01	0	332	2	シールド	10	100	-1	-1	28		2
01	0	333	1	ショット	10	100	100	3	27		1
01	0	333	2	シールド	10	100	-1	-1	28		2
01	0	334	1	ショット	10	100	100	3	27		1
01	0	334	2	シールド	10	100	-1	-1	28		2
01	0	335	1	ショット	10	100	100	3	27		1
01	0	335	2	シールド	10	100	-1	-1	28		2
01	0	336	1	ショット	10	100	100	3	27		1
01	0	336	2	シールド	10	100	-1	-1	28		2
01	0	337	1	ショット	10	100	100	3	27		1
01	0	337	2	シールド	10	100	-1	-1	28		2
01	0	338	1	ショット	10	100	100	3	27		1
01	0	338	2	シールド	10	100	-1	-1	28		2
01	0	339	1	ショット	10	100	100	3	27		1
01	0	339	2	シールド	10	100	-1	-1	28		2
01	0	340	1	ショット	10	100	100	3	27		1
01	0	340	2	シールド	10	100	-1	-1	28		2
01	0	341	1	ショット	10	100	100	3	27		1
01	0	341	2	シールド	10	100	-1	-1	28		2
01	0	342	1	ショット	10	100	100	3	27		1
01	0	342	2	シールド	10	100	-1	-1	28		2
01	0	343	1	ショット	10	100	100	3	27		1
01	0	343	2	シールド	10	100	-1	-1	28		2
01	0	344	1	ショット	10	100	100	3	27		1
01	0	344	2	シールド	10	100	-1	-1	28		2
01	0	345	1	ショット	10	100	100	3	27		1
01	0	345	2	シールド	10	100	-1	-1	28		2
01	0	346	1	ショット	10	100	100	3	27		1
01	0	346	2	シールド	10	100	-1	-1	28		2
01	0	347	1	ショット	10	100	100	3	27		1
01	0	347	2	シールド	10	100	-1	-1	28		2
01	0	348	1	ショット	10	100	100	3	27		1
01	0	348	2	シールド	10	100	-1	-1	28		2
01	0	349	1	ショット	10	100	100	3	27		1
01	0	349	2	シールド	10	100	-1	-1	28		2
01	0	350	1	ショット	10	100	100	3	27		1
01	0	350	2	シールド	10	100	-1	-1	28		2
01	0	351	1	ショット	10	100	100	3	27		1
01	0	351	2	シールド	10	100	-1	-1	28		2
01	0	352	1	ショット	10	100	100	3	27		1
01	0	352	2	シールド	10	100	-1	-1	28		2
01	0	353	1	ショット	10	100	100	3	27		1
01	0	353	2	シールド	10	100	-1	-1	28		2
01	0	354	1	ショット	10	100	100	3	27		1
01	0	354	2	シールド	10	100	-1	-1	28		2
01	0	355	1	ショット	10	100	100	3	27		1
01	0	355	2	シールド	10	100	-1	-1	28		2
01	0	356	1	ショット	10	100	100	3	27		1
01	0	356	2	シールド	10	100	-1	-1	28		2
01	0	357	1	ショット	10	100	100	3	27		1
01	0	357	2	シールド	10	100	-1	-1	28		2
01	0	358	1	ショット	10	100	100	3	27		1
01	0	358	2	シールド	10	100	-1	-1	28		2
01	0	359	1	ショット	10	100	100	3	27		1
01	0	359	2	シールド	10	100	-1	-1	28		2
01	0	360	1	ショット	10	100	100	3	27		1
01	0	360	2	シールド	10	100	-1	-1	28		2
01	0	361	1	ショット	10	100	100	3	27		1
01	0	361	2	シールド	10	100	-1	-1	28		2
01	0	362	1	ショット	10	100	100	3	27		1
01	0	362	2	シールド	10	100	-1	-1	28		2
01	0	363	1	ショット	10	100	100	3	27		1
01	0	363	2	シールド	10	100	-1	-1	28		2
01	0	364	1	ショット	10	100	100	3	27		1
01	0	364	2	シールド	10	100	-1	-1	28		2
01	0	365	1	ショット	10	100	100	3	27		1
01	0	365	2	シールド	10	100	-1	-1	28		2
01	0	366	1	ショット	10	100	100	3	27		1
01	0	366	2	シールド	10	100	-1	-1	28		2
01	0	367	1	ショット	10	100	100	3	27		1
01	0	367	2	シールド	10	100	-1	-1	28		2
01	0	368	1	ショット	10	100	100	3	27		1
01	0	368	2	シールド	10	100	-1	-1	28		2
01	0	369	1	ショット	10	100	100	3	27		1
01	0	369	2	シールド	10	100	-1	-1	28		2
01	0	370	1	ショット	10	100	100	3	27		1
01	0	370	2	シールド	10	100	-1	-1	28		2
01	0	371	1	ショット	10	100	100	3	27		1
01	0	371	2	シールド	10	100	-1	-1	28		2
01	0	372	1	ショット	10	100	100	3	27		1
01	0	372	2	シールド	10	100	-1	-1	28		2
01	0	373	1	ショット	10	100	100	3	27		1
01	0	373	2	シールド	10	100	-1	-1	28		2
01	0	374	1	ショット	10	100	100	3	27		1
01	0	374	2	シールド	10	100	-1	-1	28		2
01	0	375	1	ショット	10	100	100	3	27		1
01	0	375	2	シールド	10	100	-1	-1	28		2
01	0	376	1	ショット	10	100	100	3	27		1
01	0	376	2	シールド	10	100	-1	-1	28		2
01	0	377	1	ショット	10	100	100	3	27		1
01	0	377	2	シールド	10	100	-1	-1	28		2
01	0	378	1	ショット	10	100	100	3	27		1
01	0	378	2	シールド	10	100	-1	-1	28		2
01	0	379	1	ショット	10	100	100	3	27		1
01	0	379	2	シールド	10	100	-1	-1	28		2
01	0	380	1	ショット	10	100	100	3	27		1
01	0	380	2	シールド	10	100	-1	-1	28		2
01	0	381	1	ショット	10	100	100	3	27		1
01	0	381	2	シールド	10	100	-1	-1	28		2
01	0	382	1	ショット	10	100	100	3	27		1
01	0	382	2	シールド	10	100	-1	-1	28		2
01	0	383	1	ショット	10	100	100	3	27		1
01	0	383	2	シールド	10	100	-1	-1	28		2
01	0	384	1	ショット	10	100	100	3	27		1
01	0	384	2	シールド	10	100	-1	-1	28		2
01	0	385	1	ショット	10	100	100	3	27		1
01	0	385	2	シールド	10	100	-1	-1	28		2
01	0	386	1	ショット	10	100	100	3	27		1
01	0	386	2	シールド	10	100	-1	-1	28		2
01	0	387	1	ショット	10	100	100	3	27		1
01	0	387	2	シールド	10	100	-1	-1	28		2
01	0	388	1	ショット	10	100	100	3	27		1
01	0	388	2	シールド	10	100	-1	-1	28		2
01	0	389	1	ショット	10	100	100	3	27		1
01	0	389	2	シールド	10	100	-1	-1	28		2
01	0	390	1	ショット	10	100	100	3	27		1
01	0	390	2	シールド	10	100	-1	-1	28		2
01	0	391	1	ショット	10	100	100	3	27		1
01	0	391	2	シールド	10	100	-1	-1	28		2
01	0	392	1	ショット	10	100	100	3	27		1
01	0	392	2	シールド	10	100	-1	-1	28		2
01	0	393	1	ショット	10	100	100	3	27		1
01	0	393	2	シールド	10	100	-1	-1	28		2
01	0	394	1	ショット	10	100	100	3	27		1
01	0	394	2	シールド	10	100	-1	-1	28		2
01	0	395	1	ショット	10	100	100	3	27		1
01	0	395	2	シールド	10	100	-1	-1	28		2
01	0	396	1	ショット	10	100	100	3	27		1
01	0	396	2	シールド	10	100	-1	-1	28		2
01	0	397	1	ショット	10	100	100	3	27		1
01	0	397	2	シールド	10	100	-1	-1	28		2
01	0	398	1	ショット	10	100	100	3	27		1
01	0	398	2	シールド	10	100	-1	-1	28		2
01	0	399	1	ショット	10	100	100	3	27		1
01	0	399	2	シールド	10	100	-1	-1	28		2
01	0	400	1	ショット	10	100	100	3	27		1
01	0	400	2	シールド	10	100	-1	-1	28		2
01	0	401	1	ショット	10	100	100	3	27		1
01	0	401	2	シールド	10	100	-1	-1	28		2
01	0	402	1	ショット	10	100	100	3	27		1
01	0	402	2	シールド	10	100	-1	-1	28		2
01	0	403	1	ショット	10	100	100	3	27		1
01	0	403	2	シールド	10	100	-1	-1	28		2
01	0	404	1	ショット	10	100	100	3	27		1
01	0	404	2	シールド	10	100	-1	-1	28		2
01	0	405	1	ショット	10	100	100	3	27		1
01	0	405	2	シールド	10	100	-1	-1	28		2
01	0	406	1	ショット	10	100	100	3	27		1
01	0	406	2	シールド	10	100	-1	-1	28		2
01	0	407	1	ショット	10	100	100	3	27		1
01	0	407	2	シールド	10	100	-1	-1	28		2
01	0	408	1	ショット	10	100	100	3	27		1
01	0	408	2	シールド	10	100	-1	-1	28		2
01	0	409	1	ショット	10	100	100	3	27		1
01	0	409	2	シールド	10	100	-1	-1	28		2
01	0	410	1	ショット	10	100	100	3	27		1
01	0	410	2	シールド	10	100	-1	-1	28		2
01	0	411	1	ショット	10	100	100	3	27		1
01	0	411	2	シールド	10	100	-1	-1	28		2
01	0	412	1	ショット	10	100	100	3	27		1
01	0	412	2	シールド	10	100	-1	-1	28		2
01	0	413	1	ショット	10	100	100	3	27		1
01	0	413	2	シールド	10	100	-1	-1	28		2
01	0	414	1	ショット	10	100	100	3	27		1
01	0	414	2	シールド	10	100	-1	-1	28		2
01	0	415	1	ショット	10	100	100	3	27		1
01	0	415	2	シールド	10	100	-1	-1	28		2
01	0	416	1	ショット	10	100	100	3	27		1
01	0	416	2	シールド	10	100	-1	-1	28		2
01	0	417	1	ショット	10	100	100	3	27		1
01	0	417	2	シールド	10	100	-1	-1	28		2
01	0	418	1	ショット	10	100	100	3	27		1
01	0	418	2	シールド	10	100	-1	-1	28		2
01	0	419	1	ショット	10	100	100	3	27		1
01	0	419	2	シールド	10	100	-1	-1	28		2
01	0	420	1	ショット	10	100	100	3	27		1
01	0	420	2	シールド	10	100	-1	-1	28		2
01	0	421	1	ショット	10	100	100	3	27		1
01	0	421	2	シールド	10	100	-1	-1	28		2
01	0	422	1	ショット	10	100	100	3	27		1
01	0	422	2	シールド	10	100	-1	-1	28		2
01	0	423	1	ショット	10	100	100	3	27		1
01	0	423	2	シールド	10	100	-1	-1	28		2
01	0	424	1	ショット	10	100	100	3	27		1
01	0	424	2	シールド	10	100	-1	-1	28		2
01	0	425	1	ショット	10	100	100	3	27		1
01	0	425	2	シールド	10	100	-1	-1	28		2
01	0	426	1	ショット	10	100	100	3	27		1
01	0	426	2	シールド	10	100	-1	-1	28		2
01	0	427	1	ショット	10	100	100	3	27		1
01	0	427	2	シールド	10	100	-1	-1	28		2
01	0	428	1	ショット	10	100	100	3	27		1
01	0	428	2	シールド	10	100	-1	-1	28		2
01	0	429	1	ショット	10	100	100	3	27		1
01	0	429	2	シールド	10	100	-1	-1	28		2
01	0	430	1	ショット	10	100	100	3	27		1
01	0	430	2	シールド	10	100	-1	-1	28		2
01	0	431	1	ショット	10	100	100	3	27		1
01	0	431	2	シールド	10	100	-1	-1	28		2
01	0	432	1	ショット	10	100	100	3	27		1
01	0	432	2	シールド	10	100	-1	-1	28		2
01	0	433	1	ショット	10	100	100	3	27		1
01	0	433	2	シールド	10	100	-1	-1	28		2
01	0	434	1	ショット	10	100	100	3	27		1
01	0	434	2	シールド	10	100	-1	-1	28		2
01	0	435	1	ショット	10	100	100	3	27		1
01	0	435	2	シールド	10	100	-1	-1	28		2
01	0	436	1	ショット	10	100	100	3	27		1
01	0	436	2	シールド	10	100	-1	-1	28		2
01	0	437	1	ショット	10	100	100	3	27		1
01	0	437	2	シールド	10	100	-1	-1	28		2
01	0	438	1	ショット	10	100	100	3	27		1
01	0	438	2	シールド	10	100	-1	-1	28		2
01	0	439	1	ショット	10	100	100	3	27		1
01	0	439	2	シールド	10	100	-1	-1	28		2
01	0	440	1	ショット	10	100	100	3	27		1
01	0	440	2	シールド	10	100	-1	-1	28		2
01	0	441	1	ショット	10	100	100	3	27		1
01	0	441	2	シールド	10	100	-1	-1	28		2
01	0	442	1	ショット	10	100	100	3	27		1
01	0	442	2	シールド	10	100	-1	-1	28		2
01	0	443	1	ショット	10	100	100	3	27		1
01	0	443	2	シールド	10	100	-1	-1	28		2
01	0	444	1	ショット	10	100	100	3	27		1
01	0	444	2	シールド	10	100	-1	-1	28		2
01	0	445	1	ショット	10	100	100	3	27		1
01	0	445	2	シールド	10	100	-1	-1	28		2
01	0	446	1	ショット	10	100	100	3	27		1
01	0	446	2	シールド	10	100	-1	-1	28		2
01	0	447	1	ショット	10	100	100	3	27		1
01	0	447	2	シールド	10	100	-1	-1	28		2
01	0	448	1	ショット	10	100	100	3	27		1
01	0	448	2	シールド	10	100	-1	-1	28		2
01	0	449	1	ショット	10	100	100	3	27		1
01	0	449	2	シールド	10	100	-1	-1	28		2
01	0	450	1	ショット	10	100	100	3	27		1
01	0	450	2	シールド	10	100	-1	-1	28		2
01	0	451	1	ショット	10	100	100	3	27		1
01	0	451	2	シールド	10	100	-1	-1	28		2
01	0	452	1	ショット	10	100	100	3	27		1
01	0	452	2	シールド	10	100	-1	-1	28		2
01	0	453	1	ショット	10	100	100	3	27		1
01	0	453	2	シールド	10	100	-1	-1	28		2
01	0	454	1	ショット	10	100	100	3	27		1
01	0	454	2	シールド	10	100	-1	-1	28		2
01	0	455	1	ショット	10	100	100	3	27		1
01	0	455	2	シールド	10	100	-1	-1	28		2
01	0	456	1	ショット	10	100	100	3	27		1
01	0	456	2	シールド	10	100	-1	-1	28		2
01	0	457	1	ショット	10	100	100	3	27		1
01	0	457	2	シールド	10	100	-1	-1	28		2
01	0	458	1	ショット	10	100	100	3	27		1
01	0	458	2	シールド	10	100	-1	-1	28		2
01	0	459	1	ショット	10	100	100	3	27		1
01	0	459	2	シールド	10	100	-1	-1	28		2
01	0	460	1	ショット	10	100	100	3	27		1
01	0	460	2	シールド	10	100	-1	-1	28		2
01	0	461	1	ショット	10	100	100	3	27		1
01	0	461	2	シールド	10	100	-1	-1	28		2
01	0	462	1	ショット	10	100	100	3	27		1
01	0	462	2	シールド	10	100	-1	-1	28		2
01	0	463	1	ショット	10	100	100	3	27		1
01	0	463	2	シールド	10	100	-1	-1	28		2
01	0	464	1	ショット	10	100	100	3	27		1
01	0	464	2	シールド	10	100	-1	-1	28		2
01	0	465	1	ショット	10	100	100	3	27		1
01	0	465	2	シールド	10	100	-1	-1	28		2
01	0	466	1	ショット	10	100	100	3	27		1
01	0	466	2	シールド	10	100	-1	-1	28		2
01	0	467	1	ショット	10	100	100	3	27		1
01	0	467	2	シールド	10	100	-1	-1	28		2
01	0	468	1	ショット	10	100	100	3	27		1
01	0	468	2	シールド	10	100	-1	-1	28		2
01	0	469	1	ショット	10	100	100	3	27		1
01	0	469	2	シールド	10	100	-1	-1	28		2
01	0	470	1	ショット	10	100	100	3	27		1
01	0	470	2	シールド	10	100	-1	-1	28		2
01	0	471	1	ショット	10	100	100	3	27		1
01	0	471	2	シールド	10	100	-1	-1	28		2
01	0	472	1	ショット	10	100	100	3	27		1
01	0	472	2	シールド	10	100	-1	-1	28		2
01	0	473	1	ショット	10	100	100	3	27		1
01	0	473	2	シールド	10	100	-1	-1	28		2
01	0	474	1	ショット	10	100	100	3	27		1
01	0	474	2	シールド	10	100	-1	-1	28		2
01	0	475	1	ショット	10	100	100	3	27		1
01	0	475	2	シールド	10	100	-1	-1	28		2
01	0	476	1	ショット	10	100	100	3	27		1
01	0	476	2	シールド	10	100	-1	-1	28		2
01	0	477	1	ショット	10	100	100	3	27		1
01	0	477	2	シールド	10	100	-1	-1	28		2
01	0	478	1	ショット	10	100	100	3	27		1
01	0	478	2	シールド	10	100	-1	-1	28		2
01	0	479	1	ショット	10	100	100	3	27		1
01	0	479	2	シールド	10	100	-1	-1	28		2
01	0	480	1	ショット	10	100	100	3	27		1
01	0	480	2	シールド	10	100	-1	-1	28		2
01	0	481	1	ショット	10	100	100	3	27		1
01	0	481	2	シールド	10	100	-1	-1	28		2
01	0	482	1	ショット	10	100	100	3	27		1
01	0	482	2	シールド	10	100	-1	-1	28		2
01	0	483	1	ショット	10	100	100	3	27		1
01	0	483	2	シールド	10	100	-1	-1	28		2
01	0	484	1	ショット	10	100	100	3	27		1
01	0	484	2	シールド	10	100	-1	-1	28		2
01	0	485	1	ショット	10	100	100	3	27		1
01	0	485	2	シールド	10	100	-1	-1	28		2
01	0	486	1	ショット	10	100	100	3	27		1
01	0	486	2	シールド	10	100	-1	-1	28		2
01	0	487	1	ショット	10	100	100	3	27		1
01	0	487	2	シールド	10	100	-1	-1	28		2
01	0	488	1	ショット	10	100	100	3	27		1
01	0	488	2	シールド	10	100	-1	-1	28		2
01	0	489	1	ショット	10	100	100	3	27		1
01	0	489	2	シールド	10	100	-1	-1	28		2
01	0	490	1	ショット	10	100	100	3	27		1
01	0	490	2	シールド	10	100	-1	-1	28		2
01	0	491	1	ショット	10	100	100	3	27		1
01	0	491	2	シールド	10	100	-1	-1	28		2
01	0	492	1	ショット	10	100	100	3	27		1
01	0	492	2	シールド	10	100	-1	-1	28		2
01	0	493	1	ショット	10	100	100	3	27		1
01	0	493	2	シールド	10	100	-1	-1	28		2
01	0	494	1	ショット	10	100	100	3	27		1
01	0	494	2	シールド	10	100	-1	-1	28		2
01	0	495	1	ショット	10	100	100	3	27		1
01	0	495	2	シールド	10	100	-1	-1	28		2
01	0	496	1	ショット	10	100	100	3	27		1
01	0	496	2	シールド	10	100	-1	-1	28		2
01	0	497	1	ショット	10	100	100	3	27		1
01	0	497	2	シールド	10	100	-1	-1	28		2
01	0	498	1	ショット	10	100	100	3	27		1
01	0	498	2	シールド	10	100	-1	-1	28		2
01	0	499	1	ショット	10	100	100	3	27		1
01	0	499	2	シールド	10	100	-1	-1	28		2
01	0	500	1	ショット	10	100	100	3	27		1
01	0	500	2	シールド	10	100	-1	-1	28		2
01	0	501	1	ショット	10	100	100	3	27		1
01	0	501	2	シールド	10	100	-1	-1	28		2
01	0	502	1	ショット	10	100	100	3	27		1
01	0	502	2	シールド	10	100	-1	-1	28		2
01	0	503	1	ショット	10	100	100	3	27		1
01	0	503	2	シールド	10	100	-1	-1	28		2
01	0	504	1	ショット	10	100	100	3	27		1
01	0	504	2	シールド	10	100	-1	-1	28		2
01	0	505	1	ショット	10	100	100	3	27		1
01	0	505	2	シールド	10	100	-1	-1	28		2
01	0	506	1	ショット	10	100	100	3	27		1
01	0	506	2	シールド	10	100	-1	-1	28		2
01	0	507	1	ショット	10	100	100	3	27		1
01	0	507	2	シールド	10	100	-1	-1	28		2
01	0	508	1	ショット	10	100	100	3	27		1
01	0	508	2	シールド	10	100	-1	-1	28		2
01	0	509	1	ショット	10	100	100	3	27		1
01	0	509	2	シールド	10	100	-1	-1	28		2
01	0	510	1	ショット	10	100	100	3	27		1
01	0	510	2	シールド	10	100	-1	-1	28		2
01	0	511	1	ショット	10	100	100	3	27		1
01	0	511	2	シールド	10	100	-1	-1	28		2
01	0	512	1	ショット	10	100	100	3	27		1
01	0	512	2	シールド	10	100	-1	-1	28		2
01	0	513	1	ショット	10	100	100	3	27		1
01	0	513	2	シールド	10	100	-1	-1	28		2
01	0	514	1	ショット	10	100	100	3	27		1
01	0	514	2	シールド	10	100	-1	-1	28		2
01	0	515	1	ショット	10	100	100	3	27		1
01	0	515	2	シールド	10	100	-1	-1	28		2
01	0	516	1	ショット	10	100	100	3	27		1
01	0	516	2	シールド	10	100	-1	-1	28		2
01	0	517	1	ショット	10	100	100	3	27		1
01	0	517	2	シールド	10	100	-1	-1	28		2
01	0	518	1	ショット	10	100	100	3	27		1
01	0	518	2	シールド	10	100	-1	-1	28		2
01	0	519	1	ショット	10	100	100	3	27		1
01	0	519	2	シールド	10	100	-1	-1	28		2
01	0	520	1	ショット	10	100	100	3	27		1
01	0	520	2	シールド	10	100	-1	-1	28		2
01	0	521	1	ショット	10	100	100	3	27		1
01	0	521	2	シールド	10	100	-1	-1	28		2
01	0	522	1	ショット	10	100	100	3	27		1
01	0	522	2	シールド	10	100	-1	-1	28		2
01	0	523	1	ショット	10	100	100	3	27		1
01	0	523	2	シールド	10	100	-1	-1	28		2
01	0	524	1	ショット	10	100	100	3	27		1
01	0	524	2	シールド	10	100	-1	-1	28		2
01	0	525	1	ショット	10	100	100	3	27		1
01	0	525	2	シールド	10	100	-1	-1	28		2
01	0	526	1	ショット	10	100	100	3	27		1
01	0	526	2	シールド	10	100	-1	-1	28		2
01	0	527	1	ショット	10	100	100	3	27		1
01	0	527	2	シールド	10	100	-1	-1	28		2
01	0	528	1	ショット	10	100	100	3	27		1
01	0	528	2	シールド	10	100	-1	-1	28		2
01	0	529	1	ショット	10	100	100	3	27		1
01	0	529	2	シールド	10	100	-1	-1	28		2
01	0	530	1	ショット	10	100	100	3	27		1
01	0	530	2	シールド	10	100	-1	-1	28		2
01	0	531	1	ショット	10	100	100	3	27		1
01	0	531	2	シールド	10	100	-1	-1	28		2
01	0	532	1	ショット	10	100	100	3	27		1
01	0	532	2	シールド	10	100	-1	-1	28		2
01	0	533	1	ショット	10	100	100	3	27		1
01	0	533	2	シールド	10	100	-1	-1	28		2
01	0	534	1	ショット	10	100	100	3	27		1
01	0	534	2	シールド	10	100	-1	-1	28		2
01	0	535	1	ショット	10	100	100	3	27		1
01	0	535	2	シールド	10	100	-1	-1	28		2
01	0	536	1	ショット	10	100	100	3	27		1
01	0	536	2	シールド	10	100	-1	-1	28		2
01	0	537	1	ショット	10	100	100	3	27		1
01	0	537	2	シールド	10	100	-1	-1	28		2
01	0	538	1	ショット	10	100	100	3	27		1
01	0	538	2	シールド	10	100	-1	-1	28		2
01	0	539	1	ショット	10	100	100	3	27		1
01	0	539	2	シールド	10	100	-1	-1	28		2
01	0	540	1	ショット	10	100	100	3	27		1
01	0	540	2	シールド	10	100	-1	-1	28		2
01	0	541	1	ショット	10	100	100	3	27		1
01	0	541	2	シールド	10	100	-1	-1	28		2
01	0	542	1	ショット	10	100	100	3	27		1
01	0	542	2	シールド	10	100	-1	-1	28		2
01	0	543	1	ショット	10	100	100	3	27		1
01	0	543	2	シールド	10	100	-1	-1	28		2
01	0	544	1	ショット	10	100	100	3	27		1
01	0	544	2	シールド	10	100	-1	-1	28		2
01	0	545	1	ショット	10	100	100	3	27		1
01	0	545	2	シールド	10	100	-1	-1	28		2
01	0	546	1	ショット	10	100	100	3	27		1
01	0	546	2	シールド	10	100	-1	-1	28		2
01	0	547	1	ショット	10	100	100	3	27		1
01	0	547	2	シールド	10	100	-1	-1	28		2
01	0	548	1	ショット	10	100	100	3	27		1
01	0	548	2	シールド	10	100	-1	-1	28		2
01	0	549	1	ショット	10	100	100	3	27		1
01	0	549	2	シールド	10	100	-1	-1	28		2
01	0	550	1	ショット	10	100	100	3	27		1
01	0	550	2	シールド	10	100	-1	-1	28		2
01	0	551	1	ショット	10	100	100	3	27		1
01	0	551	2	シールド	10	100	-1	-1	28		2
01	0	552	1	ショット	10	100	100	3	27		1
01	0	552	2	シールド	10	100	-1	-1	28		2
01	0	553	1	ショット	10	100	100	3	27		1
01	0	553	2	シールド	10	100	-1	-1	28		2
01	0	554	1	ショット	10	100	100	3	27		1
01	0	554	2	シールド	10	100	-1	-1	28		2
01	0	555	1	ショット	10	100	100	3	27		1
01	0	555	2	シールド	10	100	-1	-1	28		2
01	0	556	1	ショット	10	100	100	3	27		1
01	0	556	2	シールド	10	100	-1	-1	28		2
01	0	557	1	ショット	10	100	100	3	27		1
01	0	557	2	シールド	10	100	-1	-1	28		2
01	0	558	1	ショット	10	100	100	3	27		1
01	0	558	2	シールド	10	100	-1	-1	28		2
01	0	559	1	ショット	10	100	100	3	27		1
01	0	559	2	シールド	10	100	-1	-1	28		2
01	0	560	1	ショット	10	100	100	3	27		1
01	0	560	2	シールド	10	100	-1	-1	28		2
01	0	561	1	ショット	10	100	100	3	27		1
01	0	561	2	シールド	10	100	-1	-1	28		2
01	0	562	1	ショット	10	100	100	3	27		1
01	0	562	2	シールド	10	100	-1	-1	28		2
01	0	563	1	ショット	10	100	100	3	27		1
01	0	563	2	シールド	10	100	-1	-1	28		2
01	0	564	1	ショット	10	100	100	3	27		1
01	0	564	2	シールド	10	100	-1	-1	28		2
01	0	565	1	ショット	10	100	100	3	27		1
01	0	565	2	シールド	10	100	-1	-1	28		2
01	0	566	1	ショット	10	100	100	3	27		1
01	0	566	2	シールド	10	100	-1	-1	28		2
01	0	567	1	ショット	10	100	100	3	27		1
01	0	567	2	シールド	10	100	-1	-1	28		2
01	0	568	1	ショット	10	100	100	3	27		1
01	0	568	2	シールド	10	100	-1	-1	28		2
01	0	569	1	ショット	10	100	100	3	27		1
01	0	569	2	シールド	10	100	-1	-1	28		2
01	0	570	1	ショット	10	100	100	3	27		1
01	0	570	2	シールド	10	100	-1	-1	28		2
01	0	571	1	ショット	10	100	100	3	27		1
01	0	571	2	シールド	10	100	-1	-1	28		2
01	0	572	1	ショット	10	100	100	3	27		1
01	0	572	2	シールド	10	100	-1	-1	28		2
01	0	573	1	ショット	10	100	100	3	27		1
01	0	573	2	シールド	10	100	-1	-1	28		2
01	0	574	1	ショット	10	100	100	3	27		1
01	0	574	2	シールド	10	100	-1	-1	28		2
01	0	575	1	ショット	10	100	100	3	27		1
01	0	575	2	シールド	10	100	-1	-1	28		2
01	0	576	1	ショット	10	100	100	3	27		1
01	0	576	2	シールド	10	100	-1	-1	28		2
01	0	577	1	ショット	10	100	100	3	27		1
01	0	577	2	シールド	10	100	-1	-1	28		2
01	0	578	1	ショット	10	100	100	3	27		1
01	0	578	2	シールド	10	100	-1	-1	28		2
01	0	579	1	ショット	10	100	100	3	27		1
01	0	579	2	シールド	10	100	-1	-1	28		2
01	0	580	1	ショット	10	100	100	3	27		1
01	0	580	2	シールド	10	100	-1	-1	28		2
01	0	581	1	ショット	10	100	100	3	27		1
01	0	581	2	シールド	10	100	-1	-1	28		2
01	0	582	1	ショット	10	100	100	3	27		1
01	0	582	2	シールド	10	100	-1	-1	28		2
01	0	583	1	ショット	10	100	100	3	27		1
01	0	583	2	シールド	10	100	-1	-1	28		2
01	0	584	1	ショット	10	100	100	3	27		1
01	0	584	2	シールド	10	100	-1	-1	28		2
01	0	585	1	ショット	10	100	100	3	27		1
01	0	585	2	シールド	10	100	-1	-1	28		2
01	0	586	1	ショット	10	100	100	3	27		1
01	0	586	2	シールド	10	100	-1	-1	28		2
01	0	587	1	ショット	10	100	100	3	27		1
01	0	587	2	シールド	10	100	-1	-1	28		2
01	0	588	1	ショット	10	100	100	3	27		1
01	0	588	2	シールド	10	100	-1	-1	28		2
01	0	589	1	ショット	10	100	100	3	27		1
01	0	589	2	シールド	10	100	-1	-1	28		2
01	0	590	1	ショット	10	100	100	3	27		1
01	0	590	2	シールド	10	100	-1	-1	28		2
01	0	591	1	ショット	10	100	100	3	27		1
01	0	591	2	シールド	10	100	-1	-1	28		2
01	0	592	1	ショット	10	100	100	3	27		1
01	0	592	2	シールド	10	100	-1	-1	28		2
01	0	593	1	ショット	10	100	100	3	27		1
01	0	593	2	シールド	10	100	-1	-1	28		2
01	0	594	1	ショット	10	100	100	3	27		1
01	0	594	2	シールド	10	100	-1	-1	28		2
01	0	595	1	ショット	10	100	100	3	27		1
01	0	595	2	シールド	10	100	-1	-1	28		2
01	0	596	1	ショット	10	100	100	3	27		1
01	0	596	2	シールド	10	100	-1	-1	28		2
01	0	597	1	ショット	10	100	100	3	27		1
01	0	597	2	シールド	10	100	-1	-1	28		2
01	0	598	1	ショット	10	100	100	3	27		1
01	0	598	2	シールド	10	100	-1	-1	28		2
01	0	599	1	ショット	10	100	100	3	27		1
01	0	599	2	シールド	10	100	-1	-1	28		2
01	0	600	1	ショット	10	100	100	3	27		1
01	0	600	2	シールド	10	100	-1	-1	28		2
01	0	601	1	ショット	10	100	100	3	27		1
01	0	601	2	シールド	10	100	-1	-1	28		2
01	0	602	1	ショット	10	100	100	3	27		1
01	0	602	2	シールド	10	100	-1	-1	28		2
01	0	603	1	ショット	10	100	100	3	27		1
01	0	603	2	シールド	10	100	-1	-1	28		2
01	0	604	1	ショット	10	100	100	3	27		1
01	0	604	2	シールド	10	100	-1	-1	28		2
01	0	605	1	ショット	10	100	100	3	27		1
01	0	605	2	シールド	10	100	-1	-1	28		2
01	0	606	1	ショット	10	100	100	3	27		1
01	0	606	2	シールド	10	100	-1	-1	28		2
01	0	607	1	ショット	10	100	100	3	27		1
01	0	607	2	シールド	10	100	-1	-1	28		2
01	0	608	1	ショット	10	100	100	3	27		1
01	0	608	2	シールド	10	100	-1	-1	28		2
01	0	609	1	ショット	10	100	100	3	27		1
01	0	609	2	シールド	10	100	-1	-1	28		2
01	0	610	1	ショット	10	100	100	3	27		1
01	0	610	2	シールド	10	100	-1	-1	28		2
01	0	611	1	ショット	10	100	100	3	27		1
01	0	611	2	シールド	10	100	-1	-1	28		2
01	0	612	1	ショット	10	100	100	3	27		1
01	0	612	2	シールド	10	100	-1	-1	28		2
01	0	613	1	ショット	10	100	100	3	27		1
01	0	613	2	シールド	10	100	-1	-1	28		2
01	0	614	1	ショット	10	100	100	3	27		1
01	0	614	2	シールド	10	100	-1	-1	28		2
01	0	615	1	ショット	10	100	100	3	27		1
01	0	615	2	シールド	10	100	-1	-1	28		2
01	0	616	1	ショット	10	100	100	3	27		1
01	0	616	2	シールド	10	100	-1	-1	28		2
01	0	617	1	ショット	10	100	100	3	27		1
01	0	617	2	シールド	10	100	-1	-1	28		2
01	0	618	1	ショット	10	100	100	3	27		1
01	0	618	2	シールド	10	100	-1	-1	28		2
01	0	619	1	ショット	10	100	100	3	27		1
01	0	619	2	シールド	10	100	-1	-1	28		2
01	0	620	1	ショット	10	100	100	3	27		1
01	0	620	2	シールド	10	100	-1	-1	28		2
01	0	621	1	ショット	10	100	100	3	27		1
01	0	621	2	シールド	10	100	-1	-1	28		2
01	0	622	1	ショット	10	100	100	3	27		1
01	0	622	2	シールド	10	100	-1	-1	28		2
01	0	623	1	ショット	10	100	100	3	27		1
01	0	623	2	シールド	10	100	-1	-1	28		2
01	0	624	1	ショット	10	100	100	3	27		1
01	0	624	2	シールド	10	100	-1	-1	28		2
01	0	625	1	ショット	10	100	100	3	27		1
01	0	625	2	シールド	10	100	-1	-1	28		2
01	0	626	1	ショット	10	100	100	3	27		1
01	0	626	2	シールド	10	100	-1	-1	28		2
01	0	627	1	ショット	10	100	100	3	27		1
01	0	627	2	シールド	10	100	-1	-1	28		2
01	0	628	1	ショット	10	100	100	3	27		1
01	0	628	2	シールド	10	100	-1	-1	28		2
01	0	629	1	ショット	10	100	100	3	27		1
01	0	629	2	シールド	10	100	-1	-1	28		2
01	0	630	1	ショット	10	100	100	3	27		1
01	0	630	2	シールド	10	100	-1	-1	28		2
01	0	631	1	ショット	10	100	100	3	27		1
01	0	631	2	シールド	10	100	-1	-1	28		2
01	0	632	1	ショット	10	100	100	3	27		1
01	0	632	2	シールド	10	100	-1	-1	28		2
01	0	633	1	ショット	10	100	100	3	27		1
01	0	633	2	シールド	10	100	-1	-1	28		2
01	0	634	1	ショット	10	100	100	3	27		1
01	0	634	2	シールド	10	100	-1	-1	28		2
01	0	635	1	ショット	10	100	100	3	27		1
01	0	635	2	シールド	10	100	-1	-1	28		2
01	0	636	1	ショット	10	100	100	3	27		1
01	0	636	2	シールド	10	100	-1	-1	28		2
01	0	637	1	ショット	10	100	100	3	27		1
01	0	637	2	シールド	10	100	-1	-1	28		2
01	0	638	1	ショット	10	100	100	3	27		1
01	0	638	2	シールド	10	100	-1	-1	28		2
01	0	639	1	ショット	10	100	100	3	27		1
01	0	639	2	シールド	10	100	-1	-1	28		2
01	0	640	1	ショット	10	100	100	3	27		1
01	0	640	2	シールド	10	100	-1	-1	28		2
01	0	641	1	ショット	10	100	100	3	27		1
01	0	641	2	シールド	10	100	-1	-1	28		2
01	0	642	1	ショット	10	100	100	3	27		1
01	0	642	2	シールド	10	100	-1	-1	28		2
01	0	643	1	ショット	10	100	100	3	27		1
01	0	643	2	シールド	10	100	-1	-1	28		2
01	0	644	1	ショット	10	100	100	3	27		1
01	0	644	2	シールド	10	100	-1	-1	28		2
01	0	645	1	ショット	10	100	100	3	27		1
01	0	645	2	シールド	10	100	-1	-1	28		2
01	0	646	1	ショット	10	100	100	3	27		1
01	0	646	2	シールド	10	100	-1	-1	28		2
01	0	647	1	ショット	10	100	100	3	27		1
01	0	647	2	シールド	10	100	-1	-1	28		2
01	0	648	1	ショット	10	100	100	3	27		1
01	0	648	2	シールド	10	100	-1	-1	28		2
01	0	649	1	ショット	10	100	100	3	27		1
01	0	649	2	シールド	10	100	-1	-1	28		2
01	0	650	1	ショット	10	100	100	3	27		1
01	0	650	2	シールド	10	100	-1	-1	28		2
01	0	651	1	ショット	10	100	100	3	27		1
01	0	651	2	シールド	10	100	-1	-1	28		2
01	0	652	1	ショット	10	100	100	3	27		1
01	0	652	2	シールド	10	100	-1	-1	28		2
01	0	653	1	ショット	10	100	100	3	27		1
01	0	653	2	シールド	10	100	-1	-1	28		2
01	0	654	1	ショット	10	100	100	3	27		1
01	0	654	2	シールド	10	100	-1	-1	28		2
01	0	655	1	ショット	10	100	100	3	27		1
01	0	655	2	シールド	10	100	-1	-1	28		2
01	0	656	1	ショット	10	100	100	3	27		1
01	0	656	2	シールド	10	100	-1	-1	28		2
01	0	657	1	ショット	10	100	100	3	27		1
01	0	657	2	シールド	10	100	-1	-1	28		2
01	0	658	1	ショット	10	100	100	3	27		1
01	0	658	2	シールド	10	100	-1	-1	28		2
01	0	659	1	ショット	10	100	100	3	27		1
01	0	659	2	シールド	10	100	-1	-1	28		2
01	0	660	1	ショット	10	100	100	3	27		1
01	0	660	2	シールド	10	100	-1	-1	28		2
01	0	661	1	ショット	10	100	100	3	27		1
01	0	661	2	シールド	10	100	-1	-1	28		2
01	0	662	1	ショット	10	100	100	3	27		1
01	0	662	2	シールド	10	100	-1	-1	28		2
01	0	663	1	ショット	10	100	100	3	27		1
01	0	663	2	シールド	10	100	-1	-1	28		2
01	0	664	1	ショット	10	100	100	3	27		1
01	0	664	2	シールド	10	100	-1	-1	28		2
01	0	665	1	ショット	10	100	100	3	27		1
01	0	665	2	シールド	10	100	-1	-1	28		2
01	0	666	1	ショット	10	100	100	3	27		1
01	0	666	2	シールド	10	100	-1	-1	28		2
01	0	667	1	ショット	10	100	100	3	27		1
01	0	667	2	シールド	10	100	-1	-1	28		2
01	0	668	1	ショット	10	100	100	3	27		1
01	0	668	2	シールド	10	100	-1	-1	28		2
01	0	669	1	ショット	10	100	100	3	27		1
01	0	669	2	シールド	10	100	-1	-1	28		2
01	0	670	1	ショット	10	100	100	3	27		1
01	0	670	2	シールド	10	100	-1	-1	28		2
01	0	671	1	ショット	10	100	100	3	27		1
01	0	671	2	シールド	10	100	-1	-1	28		2
01	0	672	1	ショット	10	100	100	3	27		1
01	0	672	2	シールド	10	100	-1	-1	28		2
01	0	673	1	ショット	10	100	100	3	27		1
01	0	673	2	シールド	10	100	-1	-1	28		2
01	0	674	1	ショット	10	100	100	3	27		1
01	0	674	2	シールド	10	100	-1	-1	28		2
01	0	675	1	ショット	10	100	100	3	27		1
01	0	675	2	シールド	10	100	-1	-1	28		2
01	0	676	1	ショット	10	100	100	3	27		1
01	0	676	2	シールド	10	100	-1	-1	28		2
01	0	677	1	ショット	10	100	100	3	27		1
01	0	677	2	シールド	10	100	-1	-1	28		2
01	0	678	1	ショット	10	100	100	3	27		1
01	0	678	2	シールド	10	100	-1	-1	28		2
01	0	679	1	ショット	10	100	100	3	27		1
01	0	679	2	シールド	10	100	-1	-1	28		2
01	0	680	1	ショット	10	100	100	3	27		1
01	0	680	2	シールド	10	100	-1	-1	28		2
01	0	681	1	ショット	10	100	100	3	27		1
01	0	681	2	シールド	10	100	-1	-1	28		2
01	0	682	1	ショット	10	100	100	3	27		1
01	0	682	2	シールド	10	100	-1	-1	28		2
01	0	683	1	ショット	10	100	100	3	27		1
01	0	683	2	シールド	10	100	-1	-1	28		2
01	0	684	1	ショット	10	100	100	3	27		1
01	0	684	2	シールド	10	100	-1	-1	28		2
01	0	685	1	ショット	10	100	100	3	27		1
01	0	685	2	シールド	10	100	-1	-1	28		2
01	0	686	1	ショット	10	100	100	3	27		1
01	0	686	2	シールド	10	100	-1	-1	28		2
01	0	687	1	ショット	10	100	100	3	27		1
01	0	687	2	シールド	10	100	-1	-1	28		2
01	0	688	1	ショット	10	100	100	3	27		1
01	0	688	2	シールド	10	100	-1	-1	28		2
01	0	689	1	ショット	10	100	100	3	27		1
01	0	689	2	シールド	10	100	-1	-1	28		2
01	0	690	1	ショット	10	100	100	3	27		1
01	0	690	2	シールド	10	100	-1	-1	28		2
01	0	691	1	ショット	10	100	100	3	27		1
01	0	691	2	シールド	10	100	-1	-1	28		2
01	0	692	1	ショット	10	100	100	3	27		1
01	0	692	2	シールド	10	100	-1	-1	28		2
01	0	693	1	ショット	10	100	100	3	27		1
01	0	693	2	シールド	10	100	-1	-1	28		2
01	0	694	1	ショット	10	100	100	3	27		1
01	0	694	2	シールド	10	100	-1	-1	28		2
01	0	695	1	ショット	10	100	100	3	27		1
01	0	695	2	シールド	10	100	-1	-1	28		2
01	0	696	1	ショット	10	100	100	3	27		1
01	0	696	2	シールド	10	100	-1	-1	28		2
01	0	697	1	ショット	10	100	100	3	27		1
01	0	697	2	シールド	10	100	-1	-1	28		2
01	0	698	1	ショット	10	100	100	3	27		1
01	0	698	2	シールド	10	100	-1	-1	28		2
01	0	699	1	ショット	10	100	100	3	27		1
01	0	699	2	シールド	10	100	-1	-1	28		2
01	0	700	1	ショット	10	100	100	3	27		1
01	0	700	2	シールド	10	100	-1	-1	28		2
01	0	701	1	ショット	10	100	100	3	27		1
01	0	701	2	シールド	10	100	-1	-1	28		2
01	0	702	1	ショット	10	100	100	3	27		1
01	0	702	2	シールド	10	100	-1	-1	28		2
01	0	703	1	ショット	10	100	100	3	27		1
01	0	703	2	シールド	10	100	-1	-1	28		2
01	0	704	1	ショット	10	100	100	3	27		1
01	0	704	2	シールド	10	100	-1	-1	28		2
01	0	705	1	ショット	10	100	100	3	27		1
01	0	705	2	シールド	10	100	-1	-1	28		2
01	0	706	1	ショット	10	100	100	3	27		1
01	0	706	2	シールド	10	100	-1	-1	28		2
01	0	707	1	ショット	10	100	100	3	27		1
01	0	707	2	シールド	10	100	-1	-1	28		2
01	0	708	1	ショット	10	100	100	3	27		1
01	0	708	2	シールド	10	100	-1	-1	28		2
01	0	709	1	ショット	10	100	100	3	27		1
01	0	709	2	シールド	10	100	-1	-1	28		2
01	0	710	1	ショット	10	100	100	3	27		1
01	0	710	2	シールド	10	100	-1	-1	28		2
01	0	711	1	ショット	10	100	100	3	27		1
01	0	711	2	シールド	10	100	-1	-1	28		2
01	0	712	1	ショット	10	100	100	3	27		1
01	0	712	2	シールド	10	100	-1	-1	28		2
01	0	713	1	ショット	10	100	100	3	27		1
01	0	713	2	シールド	10	100	-1	-1	28		2
01	0	714	1	ショット	10	100	100	3	27		1
01	0	714	2	シールド	10	100	-1	-1	28		2
01	0	715	1	ショット	10	100	100	3	27		1
01	0	715	2	シールド	10	100	-1	-1	28		2
01	0	716	1	ショット	10	100	100	3	27		1
01	0	716	2	シールド	10	100	-1	-1	28		2
01	0	717	1	ショット	10	100	100	3	27		1
01	0	717	2	シールド	10	100	-1	-1	28		2
01	0	718	1	ショット	10	100	100	3	27		1
01	0	718	2	シールド	10	100	-1	-1	28		2
01	0	719	1	ショット	10	100	100	3	27		1
01	0	719	2	シールド	10	100	-1	-1	28		2
01	0	720	1	ショット	10	100	100	3	27		1
01	0	720	2	シールド	10	100	-1	-1	28		2
01	0	721	1	ショット	10	100	100	3	27		1
01	0	721	2	シールド	10	100	-1	-1	28		2
01	0	722	1	ショット	10	100	100	3	27		1
01	0	722	2	シールド	10	100	-1	-1	28		2
01	0	723	1	ショット	10	100	100	3	27		1
01	0	723	2	シールド	10	100	-1	-1	28		2
01	0	724	1	ショット	10	100	100	3	27		1
01	0	724	2	シールド	10	100	-1	-1	28		2
01	0	725	1	ショット	10	100	100	3	27		1
01	0	725	2	シールド	10	100	-1	-1	28		2
01	0	726	1	ショット	10	100	100	3	27		1
01	0	726	2	シールド	10	100	-1	-1	28		2
01	0	727	1	ショット	10	100	100	3	27		1
01	0	727	2	シールド	10	100	-1	-1	28		2
01	0	728	1	ショット	10	100	100	3	27		1
01	0	728	2	シールド	10	100	-1	-1	28		2
01	0	729	1	ショット	10	100	100	3	27		1
01	0	729	2	シールド	10	100	-1	-1	28		2
01	0	730	1	ショット	10	100	100	3	27		1
01	0	730	2	シールド	10	100	-1	-1	28		2
01	0	731	1	ショット	10	100	100	3	27		1
01	0	731	2	シールド	10	100	-1	-1	28		2
01	0	732	1	ショット	10	100	100	3	27		1
01	0	732	2	シールド	10	100	-1	-1	28		2
01	0	733	1	ショット	10	100	100	3	27		1
01	0	733	2	シールド	10	100	-1	-1	28		2
01	0	734	1	ショット	10	100	100	3	27		1
01	0	734	2	シールド	10	100	-1	-1	28		2
01	0	735	1	ショット	10	100	100	3	27		1
01	0	735	2	シールド	10	100	-1	-1	28		2
01	0	736	1	ショット	10	100	100	3	27		1
01	0	736	2	シールド	10	100	-1	-1	28		2
01	0	737	1	ショット	10	100	100	3	27		1
01	0	737	2	シールド	10	100	-1	-1	28		2
01	0	738	1	ショット	10	100	100	3	27		1
01	0	738	2	シールド	10	100	-1	-1	28		2
01	0	739	1	ショット	10	100	100	3	27		1
01	0	739	2	シールド	10	100	-1	-1	28		2
01	0	740	1	ショット	10	100	100	3	27		1
01	0	740	2	シールド	10	100	-1	-1	28		2
01	0	741	1	ショット	10	100	100	3	27		1
01	0	741	2	シールド	10	100	-1	-1	28		2
01	0	742	1	ショット	10	100	100	3	27		1
01	0	742	2	シールド	10	100	-1	-1	28		2
01	0	743	1	ショット	10	100	100	3	27		1
01	0	743	2	シールド	10	100	-1	-1	28		2
01	0	744	1	ショット	10	100	100	3	27		1
01	0	744	2	シールド	10	100	-1	-1	28		2
01	0	745	1	ショット	10	100	100	3	27		1
01	0	745	2	シールド	10	100	-1	-1	28		2
01	0	746	1	ショット	10	100	100	3	27		1
01	0	746	2	シールド	10	100	-1	-1	28		2
01	0	747	1	ショット	10	100	100	3	27		1
01	0	747	2	シールド	10	100	-1	-1	28		2
01	0	748	1	ショット	10	100	100	3	27		1
01	0	748	2	シールド	10	100	-1	-1	28		2
01	0	749	1	ショット	10	100	100	3	27		1
01	0	749	2	シールド	10	100	-1	-1	28		2
01	0	750	1	ショット	10	100	100	3	27		1
01	0	750	2	シールド	10	100	-1	-1	28		2
01	0	751	1	ショット	10	100	100	3	27		1
01	0	751	2	シールド	10	100	-1	-1	28		2
01	0	752	1	ショット	10	100	100	3	27		1
01	0	752	2	シールド	10	100	-1	-1	28		2
01	0	753	1	ショット	10	100	100	3	27		1
01	0	753	2	シールド	10	100	-1	-1	28		2
01	0	754	1	ショット	10	100	100	3	27		1
01	0	754	2	シールド	10	100	-1	-1	28		2
01	0	755	1	ショット	10	100	100	3	27		1
01	0	755	2	シールド	10	100	-1	-1	28		2
01	0	756	1	ショット	10	100	100	3	27		1
01	0	756	2	シールド	10	100	-1	-1	28		2
01	0	757	1	ショット	10	100	100	3	27		1
01	0	757	2	シールド	10	100	-1	-1	28		2
01	0	758	1	ショット	10	100	100	3	27		1
01	0	758	2	シールド	10	100	-1	-1	28		2
01	0	759	1	ショット	10	100	100	3	27		1
01	0	759	2	シールド	10	100	-1	-1	28		2
01	0	760	1	ショット	10	100	100	3	27		1
01	0	760	2	シールド	10	100	-1	-1	28		2
01	0	761	1	ショット	10	100	100	3	27		1
01	0	761	2	シールド	10	100	-1	-1	28		2
01	0	762	1	ショット	10	100	100	3	27		1
01	0	762	2	シールド	10	100	-1	-1	28		2
01	0	763	1	ショット	10	100	100	3	27		1
01	0	763	2	シールド	10	100	-1	-1	28		2
01	0	764	1	ショット	10	100	100	3	27		1
01	0	764	2	シールド	10	100	-1	-1	28		2
01	0	765	1	ショット	10	100	100	3	27		1
01	0	765	2	シールド	10	100	-1	-1	28		2
01	0	766	1	ショット	10	100	100	3	27		1
01	0	766	2	シールド	10	100	-1	-1	28		2
01	0	767	1	ショット	10	100	100	3	27		1
01	0	767	2	シールド	10	100	-1	-1	28		2
01	0	768	1	ショット	10	100	100	3	27		1
01	0	768	2	シールド	10	100	-1	-1	28		2
01	0	769	1	ショット	10	100	100	3	27		1
01	0	769	2	シールド	10	100	-1	-1	28		2
01	0	770	1	ショット	10	100	100	3	27		1
01	0	770	2	シールド	10	100	-1	-1	28		2
01	0	771	1	ショット	10	100	100	3	27		1
01	0	771	2	シールド	10	100	-1	-1	28		2
01	0	772	1	ショット	10	100	100	3	27		1
01	0	772	2	シールド	10	100	-1	-1	28		2
01	0	773	1	ショット	10	100	100	3	27		1
01	0	773	2	シールド	10	100	-1	-1	28		2
01	0	774	1	ショット	10	100	100	3	27		1
01	0	774	2	シールド	10	100	-1	-1	28		2
01	0	775	1	ショット	10	100	100	3	27		1
01	0	775	2	シールド	10	100	-1	-1	28		2
01	0	776	1	ショット	10	100	100	3	27		1
01	0	776	2	シールド	10	100	-1	-1	28		2
01	0	777	1	ショット	10	100	100	3	27		1
01	0	777	2	シールド	10	100	-1	-1	28		2
01	0	778	1	ショット	10	100	100	3	27		1
01	0	778	2	シールド	10	100	-1	-1	28		2
01	0	779	1	ショット	10	100	100	3	27		1
01	0	779	2	シールド	10	100	-1	-1	28		2
01	0	780	1	ショット	10	100	100	3	27		1
01	0	780	2	シールド	10	100	-1	-1	28		2
01	0	781	1	ショット	10	100	100	3	27		1
01	0	781	2	シールド	10	100	-1	-1	28		2
01	0	782	1	ショット	10	100	100	3	27		1
01	0	782	2	シールド	10	100	-1	-1	28		2
01	0	783	1	ショット	10	100	100	3	27		1
01	0	783	2	シールド	10	100	-1	-1	28		2
01	0	784	1	ショット	10	100	100	3	27		1
01	0	784	2	シールド	10	100	-1	-1	28		2
01	0	785	1	ショット	10	100	100	3	27		1
01	0	785	2	シールド	10	100	-1	-1	28		2
01	0	786	1	ショット	10	100	100	3	27		1
01	0	786	2	シールド	10	100	-1	-1	28		2
01	0	787	1	ショット	10	100	100	3	27		1
01	0	787	2	シールド	10	100	-1	-1	28		2
01	0	788	1	ショット	10	100	100	3	27		1
01	0	788	2	シールド	10	100	-1	-1	28		2
01	0	789	1	ショット	10	100	100	3	27		1
01	0	789	2	シールド	10	100	-1	-1	28		2
01	0	790	1	ショット	10	100	100	3	27		1
01	0	790	2	シールド	10	100	-1	-1	28		2
01	0	791	1	ショット	10	100	100	3	27		1
01	0	791	2	シールド	10	100	-1	-1	28		2
01	0	792	1	ショット	10	100	100	3	27		1
01	0	792	2	シールド	10	100	-1	-1	28		2
01	0	793	1	ショット	10	100	100	3	27		1
01	0	793	2	シールド	10	100	-1	-1	28		2
01	0	794	1	ショット	10	100	100	3	27		1
01	0	794	2	シールド	10	100	-1	-1	28		2
01	0	795	1	ショット	10	100	100	3	27		1
01	0	795	2	シールド	10	100	-1	-1	28		2
01	0	796	1	ショット	10	100	100	3	27		1
01	0	796	2	シールド	10	100	-1	-1	28		2
01	0	797	1	ショット	10	100	100	3	27		1
01	0	797	2	シールド	10	100	-1	-1	28		2
01	0	798	1	ショット	10	100	100	3	27		1
01	0	798	2	シールド	10	100	-1	-1	28		2
01	0	799	1	ショット	10	100	100	3	27		1
01	0	799	2	シールド	10	100	-1	-1	28		2
01	0	800	1	ショット	10	100	100	3	27		1
01	0	800	2	シールド	10	100	-1	-1	28		2
01	0	801	1	ショット	10	100	100	3	27		1
01	0	801	2	シールド	10	100	-1	-1	28		2
01	0	802	1	ショット	10	100	100	3	27		1
01	0	802	2	シールド	10	100	-1	-1	28		2
01	0	803	1	ショット	10	100	100	3	27		1
01	0	803	2	シールド	10	100	-1	-1	28		2
01	0	804	1	ショット	10	100	100	3	27		1
01	0	804	2	シールド	10	100	-1	-1	28		2
01	0	805	1	ショット	10	100	100	3	27		1
01	0	805	2	シールド	10	100	-1	-1	28		2
01	0	806	1	ショット	10	100	100	3	27		1
01	0	806	2	シールド	10	100	-1	-1	28		2
01	0	807	1	ショット	10	100	100	3	27		1
01	0	807	2	シールド	10	100	-1	-1	28		2
01	0	808	1	ショット	10	100	100	3	27		1
01	0	808	2	シールド	10	100	-1	-1	28		2
01	0	809	1	ショット	10	100	100	3	27		1
01	0	809	2	シールド	10	100	-1	-1	28		2
01	0	810	1	ショット	10	100	100	3	27		1
01	0	810	2	シールド	10	100	-1	-1	28		2
01	0	811	1	ショット	10	100	100	3	27		1
01	0	811	2	シールド	10	100	-1	-1	28		2
01	0	812	1	ショット	10	100	100	3	27		1
01	0	812	2	シールド	10	100	-1	-1	28		2
01	0	813	1	ショット	10	100	100	3	27		1
01	0	813	2	シールド	10	100	-1	-1	28		2
01	0	814	1	ショット	10	100	100	3	27		1
01	0	814	2	シールド	10	100	-1	-1	28		2
01	0	815	1	ショット	10	100	100	3	27		1
01	0	815	2	シールド	10	100	-1	-1	28		2
01	0	816	1	ショット	10	100	100	3	27		1
01	0	816	2	シールド	10	100	-1	-1	28		2
01	0	817	1	ショット	10	100	100	3	27		1
01	0	817	2	シールド	10	100	-1	-1	28		2
01	0	818	1	ショット	10	100	100	3	27		1
01	0	818	2	シールド	10	100	-1	-1	28		2
01	0	819	1	ショット	10	100	100	3	27		1
01	0	819	2	シールド	10	100	-1	-1	28		2
01	0	820	1	ショット	10	100	100	3	27		1
01	0	820	2	シールド	10	100	-1	-1	28		2
01	0	821	1	ショット	10	100	100	3	27		1
01	0	821	2	シールド	10	100	-1	-1	28		2
01	0	822	1	ショット	10	100	100	3	27		1
01	0	822	2	シールド	10	100	-1	-1	28		2
01	0	823	1	ショット	10	100	100	3	27		1
01	0	823	2	シールド	10	100	-1	-1	28		2
01	0	824	1	ショット	10	100	100	3	27		1
01	0	824	2	シールド	10	100	-1	-1	28		2
01	0	825	1	ショット	10	100	100	3	27		1
01	0	825	2	シールド	10	100	-1	-1	28		2
01	0	826	1	ショット	10	100	100	3	27		1
01	0	826	2	シールド	10	100	-1	-1	28		2
01	0	827	1	ショット	10	100	100	3	27		1
01	0	827	2	シールド	10	100	-1	-1	28		2
01	0	828	1	ショット	10	100	100	3	27		1
01	0	828	2	シールド	10	100	-1	-1	28		2
01	0	838	1	ショット	10	100	100	3	27		1
01	0	838	2	シールド	10	100	-1	-1	28		2
01	0	839	1	ショット	10	100	100	3	27		1
01	0	839	2	シールド	10	100	-1	-1	28		2
01	0	840	1	ショット	10	100	100	3	27		1
01	0	840	2	シールド	10	100	-1	-1	28		2
01	0	841	1	ショット	10	100	100	3	27		1
01	0	841	2	シールド	10	100	-1	-1	28		2
01	0	842	1	ショット	10	100	100	3	27		1
01	0	842	2	シールド	10	100	-1	-1	28		2
01	0	843	1	ショット	10	100	100	3	27		1
01	0	843	2	シールド	10	100	-1	-1	28		2
01	0	844	1	ショット	10	100	100	3	27		1
01	0	844	2	シールド	10	100	-1	-1	28		2
01	0	845	1	ショット	10	100	100	3	27		1
01	0	845	2	シールド	10	100	-1	-1	28		2
01	0	846	1	ショット	10	100	100	3	27		1
01	0	846	2	シールド	10	100	-1	-1	28		2
01	0	847	1	ショット	10	100	100	3	27		1
01	0	847	2	シールド	10	100	-1	-1	28		2
01	0	848	1	ショット	10	100	100	3	27		1
01	0	848	2	シールド	10	100	-1	-1	28		2
01	0	849	1	ショット	10	100	100	3	27		1
01	0	849	2	シールド	10	100	-1	-1	28		2
01	0	850	1	ショット	10	100	100	3	27		1
01	0	850	2	シールド	10	100	-1	-1	28		2
01	0	851	1	ショット	10	100	100	3	27		1
01	0	851	2	シールド	10	100	-1	-1	28		2
01	0	852	1	ショット	10	100	100	3	27		1
01	0	852	2	シールド	10	100	-1	-1	28		2
01	0	853	1	ショット	10	100	100	3	27		1
01	0	853	2	シールド	10	100	-1	-1	28		2
01	0	854	1	ショット	10	100	100	3	27		1
01	0	854	2	シールド	10	100	-1	-1	28		2
01	0	855	1	ショット	10	100	100	3	27		1
01	0	855	2	シールド	10	100	-1	-1	28		2
01	0	856	1	ショット	10	100	100	3	27		1
01	0	856	2	シールド	10	100	-1	-1	28		2
01	0	857	1	ショット	10	100	100	3	27		1
01	0	857	2	シールド	10	100	-1	-1	28		2
01	0	858	1	ショット	10	100	100	3	27		1
01	0	858	2	シールド	10	100	-1	-1	28		2
01	0	859	1	ショット	10	100	100	3	27		1
01	0	859	2	シールド	10	100	-1	-1	28		2
01	0	860	1	ショット	10	100	100	3	27		1
01	0	860	2	シールド	10	100	-1	-1	28		2
01	0	861	1	ショット	10	100	100	3	27		1
01	0	861	2	シールド	10	100	-1	-1	28		2
01	0	862	1	ショット	10	100	100	3	27		1
01	0	862	2	シールド	10	100	-1	-1	28		2
01	0	863	1	ショット	10	100	100	3	27		1
01	0	863	2	シールド	10	100	-1	-1	28		2
01	0	864	1	ショット	10	100	100	3	27		1
01	0	864	2	シールド	10	100	-1	-1	28		2
01	0	865	1	ショット	10	100	100	3	27		1
01	0	865	2	シールド	10	100	-1	-1	28		2
01	0	866	1	ショット	10	100	100	3	27		1
01	0	866	2	シールド	10	100	-1	-1	28		2
01	0	867	1	ショット	10	100	100	3	27		1
01	0	867	2	シールド	10	100	-1	-1	28		2
01	0	868	1	ショット	10	100	100	3	27		1
01	0	868	2	シールド	10	100	-1	-1	28		2
01	0	869	1	ショット	10	100	100	3	27		1
01	0	869	2	シールド	10	100	-1	-1	28		2
01	0	870	1	ショット	10	100	100	3	27		1
01	0	870	2	シールド	10	100	-1	-1	28		2
01	0	871	1	ショット	10	100	100	3	27		1
01	0	871	2	シールド	10	100	-1	-1	28		2
01	0	872	1	ショット	10	100	100	3	27		1
01	0	872	2	シールド	10	100	-1	-1	28		2
01	0	873	1	ショット	10	100	100	3	27		1
01	0	873	2	シールド	10	100	-1	-1	28		2
01	0	874	1	ショット	10	100	100	3	27		1
01	0	874	2	シールド	10	100	-1	-1	28		2
01	0	875	1	ショット	10	100	100	3	27		1
01	0	875	2	シールド	10	100	-1	-1	28		2
01	0	876	1	ショット	10	100	100	3	27		1
01	0	876	2	シールド	10	100	-1	-1	28		2
01	0	877	1	ショット	10	100	100	3	27		1
01	0	877	2	シールド	10	100	-1	-1	28		2
01	0	878	1	ショット	10	100	100	3	27		1
01	0	878	2	シールド	10	100	-1	-1	28		2
01	0	879	1	ショット	10	100	100	3	27		1
01	0	879	2	シールド	10	100	-1	-1	28		2
01	0	880	1	ショット	10	100	100	3	27		1
01	0	880	2	シールド	10	100	-1	-1	28		2
01	0	881	1	ショット	10	100	100	3	27		1
01	0	881	2	シールド	10	100	-1	-1	28		2
01	0	882	1	ショット	10	100	100	3	27		1
01	0	882	2	シールド	10	100	-1	-1	28		2
01	0	883	1	ショット	10	100	100	3	27		1
01	0	883	2	シールド	10	100	-1	-1	28		2
01	0	884	1	ショット	10	100	100	3	27		1
01	0	884	2	シールド	10	100	-1	-1	28		2
01	0	885	1	ショット	10	100	100	3	27		1
01	0	885	2	シールド	10	100	-1	-1	28		2
01	0	886	1	ショット	10	100	100	3	27		1
01	0	886	2	シールド	10	100	-1	-1	28		2
01	0	887	1	ショット	10	100	100	3	27		1
01	0	887	2	シールド	10	100	-1	-1	28		2
01	0	888	1	ショット	10	100	100	3	27		1
01	0	888	2	シールド	10	100	-1	-1	28		2
01	0	889	1	ショット	10	100	100	3	27		1
01	0	889	2	シールド	10	100	-1	-1	28		2
01	0	890	1	ショット	10	100	100	3	27		1
01	0	890	2	シールド	10	100	-1	-1	28		2
01	0	891	1	ショット	10	100	100	3	27		1
01	0	891	2	シールド	10	100	-1	-1	28		2
01	0	892	1	ショット	10	100	100	3	27		1
01	0	892	2	シールド	10	100	-1	-1	28		2
01	0	893	1	ショット	10	100	100	3	27		1
01	0	893	2	シールド	10	100	-1	-1	28		2
01	0	894	1	ショット	10	100	100	3	27		1
01	0	894	2	シールド	10	100	-1	-1	28		2
01	0	895	1	ショット	10	100	100	3	27		1
01	0	895	2	シールド	10	100	-1	-1	28		2
01	0	896	1	ショット	10	100	100	3	27		1
01	0	896	2	シールド	10	100	-1	-1	28		2
01	0	897	1	ショット	10	100	100	3	27		1
01	0	897	2	シールド	10	100	-1	-1	28		2
01	0	898	1	ショット	10	100	100	3	27		1
01	0	898	2	シールド	10	100	-1	-1	28		2
01	0	899	1	ショット	10	100	100	3	27		1
01	0	899	2	シールド	10	100	-1	-1	28		2
01	0	900	1	ショット	10	100	100	3	27		1
01	0	900	2	シールド	10	100	-1	-1	28		2
01	0	901	1	ショット	10	100	100	3	27		1
01	0	901	2	シールド	10	100	-1	-1	28		2
01	0	902	1	ショット	10	100	100	3	27		1
01	0	902	2	シールド	10	100	-1	-1	28		2
01	0	903	1	ショット	10	100	100	3	27		1
01	0	903	2	シールド	10	100	-1	-1	28		2
01	0	904	1	ショット	10	100	100	3	27		1
01	0	904	2	シールド	10	100	-1	-1	28		2
01	0	905	1	ショット	10	100	100	3	27		1
01	0	905	2	シールド	10	100	-1	-1	28		2
01	0	906	1	ショット	10	100	100	3	27		1
01	0	906	2	シールド	10	100	-1	-1	28		2
01	0	907	1	ショット	10	100	100	3	27		1
01	0	907	2	シールド	10	100	-1	-1	28		2
01	0	908	1	ショット	10	100	100	3	27		1
01	0	908	2	シールド	10	100	-1	-1	28		2
01	0	909	1	ショット	10	100	100	3	27		1
01	0	909	2	シールド	10	100	-1	-1	28		2
01	0	910	1	ショット	10	100	100	3	27		1
01	0	910	2	シールド	10	100	-1	-1	28		2
01	0	911	1	ショット	10	100	100	3	27		1
01	0	911	2	シールド	10	100	-1	-1	28		2
01	0	912	1	ショット	10	100	100	3	27		1
01	0	912	2	シールド	10	100	-1	-1	28		2
01	0	913	1	ショット	10	100	100	3	27		1
01	0	913	2	シールド	10	100	-1	-1	28		2
01	0	914	1	ショット	10	100	100	3	27		1
01	0	914	2	シールド	10	100	-1	-1	28		2
01	0	915	1	ショット	10	100	100	3	27		1
01	0	915	2	シールド	10	100	-1	-1	28		2
01	0	916	1	ショット	10	100	100	3	27		1
01	0	916	2	シールド	10	100	-1	-1	28		2
01	0	917	1	ショット	10	100	100	3	27		1
01	0	917	2	シールド	10	100	-1	-1	28		2
01	0	918	1	ショット	10	100	100	3	27		1
01	0	918	2	シールド	10	100	-1	-1	28		2
01	0	919	1	ショット	10	100	100	3	27		1
01	0	919	2	シールド	10	100	-1	-1	28		2
01	0	920	1	ショット	10	100	100	3	27		1
01	0	920	2	シールド	10	100	-1	-1	28		2
01	0	921	1	ショット	10	100	100	3	27		1
01	0	921	2	シールド	10	100	-1	-1	28		2
01	0	922	1	ショット	10	100	100	3	27		1
01	0	922	2	シールド	10	100	-1	-1	28		2
01	0	923	1	ショット	10	100	100	3	27		1
01	0	923	2	シールド	10	100	-1	-1	28		2
01	0	924	1	ショット	10	100	100	3	27		1
01	0	924	2	シールド	10	100	-1	-1	28		2
01	0	925	1	ショット	10	100	100	3	27		1
01	0	925	2	シールド	10	100	-1	-1	28		2
01	0	926	1	ショット	10	100	100	3	27		1
01	0	926	2	シールド	10	100	-1	-1	28		2
01	0	927	1	ショット	10	100	100	3	27		1
01	0	927	2	シールド	10	100	-1	-1	28		2
01	0	928	1	ショット	10	100	100	3	27		1
01	0	928	2	シールド	10	100	-1	-1	28		2
01	0	929	1	ショット	10	100	100	3	27		1
01	0	929	2	シールド	10	100	-1	-1	28		2
01	0	930	1	ショット	10	100	100	3	27		1
01	0	930	2	シールド	10	100	-1	-1	28		2
01	0	931	1	ショット	10	100	100	3	27		1
01	0	931	2	シールド	10	100	-1	-1	28		2
01	0	932	1	ショット	10	100	100	3	27		1
01	0	932	2	シールド	10	100	-1	-1	28		2
01	0	933	1	ショット	10	100	100	3	27		1
01	0	933	2	シールド	10	100	-1	-1	28		2
01	0	934	1	ショット	10	100	100	3	27		1
01	0	934	2	シールド	10	100	-1	-1	28		2
01	0	935	1	ショット	10	100	100	3	27		1
01	0	935	2	シールド	10	100	-1	-1	28		2
01	0	936	1	ショット	10	100	100	3	27		1
01	0	936	2	シールド	10	100	-1	-1	28		2
01	0	937	1	ショット	10	100	100	3	27		1
01	0	937	2	シールド	10	100	-1	-1	28		2
01	0	938	1	ショット	10	100	100	3	27		1
01	0	938	2	シールド	10	100	-1	-1	28		2
01	0	939	1	ショット	10	100	100	3	27		1
01	0	939	2	シールド	10	100	-1	-1	28		2
01	0	940	1	ショット	10	100	100	3	27		1
01	0	940	2	シールド	10	100	-1	-1	28		2
01	0	941	1	ショット	10	100	100	3	27		1
01	0	941	2	シールド	10	100	-1	-1	28		2
01	0	942	1	ショット	10	100	100	3	27		1
01	0	942	2	シールド	10	100	-1	-1	28		2
01	0	943	1	ショット	10	100	100	3	27		1
01	0	943	2	シールド	10	100	-1	-1	28		2
01	0	944	1	ショット	10	100	100	3	27		1
01	0	944	2	シールド	10	100	-1	-1	28		2
01	0	945	1	ショット	10	100	100	3	27		1
01	0	945	2	シールド	10	100	-1	-1	28		2
01	0	946	1	ショット	10	100	100	3	27		1
01	0	946	2	シールド	10	100	-1	-1	28		2
01	0	947	1	ショット	10	100	100	3	27		1
01	0	947	2	シールド	10	100	-1	-1	28		2
01	0	949	1	ショット	10	100	100	3	27		1
01	0	949	2	シールド	10	100	-1	-1	28		2
01	0	950	1	ショット	10	100	100	3	27		1
01	0	950	2	シールド	10	100	-1	-1	28		2
01	0	951	1	ショット	10	100	100	3	27		1
01	0	951	2	シールド	10	100	-1	-1	28		2
01	0	952	1	ショット	10	100	100	3	27		1
01	0	952	2	シールド	10	100	-1	-1	28		2
01	0	953	1	ショット	10	100	100	3	27		1
01	0	953	2	シールド	10	100	-1	-1	28		2
01	0	954	1	ショット	10	100	100	3	27		1
01	0	954	2	シールド	10	100	-1	-1	28		2
01	0	955	1	ショット	10	100	100	3	27		1
01	0	955	2	シールド	10	100	-1	-1	28		2
01	0	956	1	ショット	10	100	100	3	27		1
01	0	956	2	シールド	10	100	-1	-1	28		2
01	0	957	1	ショット	10	100	100	3	27		1
01	0	957	2	シールド	10	100	-1	-1	28		2
01	0	958	1	ショット	10	100	100	3	27		1
01	0	958	2	シールド	10	100	-1	-1	28		2
01	0	959	1	ショット	10	100	100	3	27		1
01	0	959	2	シールド	10	100	-1	-1	28		2
01	0	960	1	ショット	10	100	100	3	27		1
01	0	960	2	シールド	10	100	-1	-1	28		2
01	0	961	1	ショット	10	100	100	3	27		1
01	0	961	2	シールド	10	100	-1	-1	28		2
01	0	962	1	ショット	10	100	100	3	27		1
01	0	962	2	シールド	10	100	-1	-1	28		2
01	0	963	1	ショット	10	100	100	3	27		1
01	0	963	2	シールド	10	100	-1	-1	28		2
01	0	964	1	ショット	10	100	100	3	27		1
01	0	964	2	シールド	10	100	-1	-1	28		2
01	0	965	1	ショット	10	100	100	3	27		1
01	0	965	2	シールド	10	100	-1	-1	28		2
01	0	966	1	ショット	10	100	100	3	27		1
01	0	966	2	シールド	10	100	-1	-1	28		2
01	0	967	1	ショット	10	100	100	3	27		1
01	0	967	2	シールド	10	100	-1	-1	28		2
01	0	968	1	ショット	10	100	100	3	27		1
01	0	968	2	シールド	10	100	-1	-1	28		2
01	0	969	1	ショット	10	100	100	3	27		1
01	0	969	2	シールド	10	100	-1	-1	28		2
01	0	970	1	ショット	10	100	100	3	27		1
01	0	970	2	シールド	10	100	-1	-1	28		2
01	0	971	1	ショット	10	100	100	3	27		1
01	0	971	2	シールド	10	100	-1	-1	28		2
01	0	972	1	ショット	10	100	100	3	27		1
01	0	972	2	シールド	10	100	-1	-1	28		2
01	0	973	1	ショット	10	100	100	3	27		1
01	0	973	2	シールド	10	100	-1	-1	28		2
01	0	974	1	ショット	10	100	100	3	27		1
01	0	974	2	シールド	10	100	-1	-1	28		2
01	0	975	1	ショット	10	100	100	3	27		1
01	0	975	2	シールド	10	100	-1	-1	28		2
01	0	976	1	ショット	10	100	100	3	27		1
01	0	976	2	シールド	10	100	-1	-1	28		2
01	0	977	1	ショット	10	100	100	3	27		1
01	0	977	2	シールド	10	100	-1	-1	28		2
01	0	978	1	ショット	10	100	100	3	27		1
01	0	978	2	シールド	10	100	-1	-1	28		2
01	0	979	1	ショット	10	100	100	3	27		1
01	0	979	2	シールド	10	100	-1	-1	28		2
01	0	980	1	ショット	10	100	100	3	27		1
01	0	980	2	シールド	10	100	-1	-1	28		2
01	0	981	1	ショット	10	100	100	3	27		1
01	0	981	2	シールド	10	100	-1	-1	28		2
01	0	982	1	ショット	10	100	100	3	27		1
01	0	982	2	シールド	10	100	-1	-1	28		2
01	0	983	1	ショット	10	100	100	3	27		1
01	0	983	2	シールド	10	100	-1	-1	28		2
01	0	984	1	ショット	10	100	100	3	27		1
01	0	984	2	シールド	10	100	-1	-1	28		2
