result_no	generate_no	p_no	mhp	mmp	msp	cp	str	def	tec	eva	agi	luk	cha	rank_id	tp	ap	pp	sc	
04	1	1	1075	206	224	3	100	120	100	120	100	100	120	7	39	0	0	57
04	1	4	1128	-1	112	3	100	120	100	196	120	100	100	39	54	0	0	237
04	1	5	1053	-1	112	3	100	100	100	126	126	100	227	39	30	0	0	406
04	1	6	1000	310	310	3	100	110	100	110	100	105	100	7	53	0	0	440
04	1	7	1128	-1	156	3	100	110	100	110	100	100	176	39	31	0	0	107
04	1	8	1095	100	100	3	100	100	100	189	176	100	100	7	37	0	0	87
04	1	9	1147	155	169	3	100	100	100	138	100	105	120	39	38	0	0	96
04	1	10	1095	164	180	3	100	106	100	100	100	100	184	39	34	0	0	129
04	1	11	1031	258	277	3	100	100	100	100	122	100	120	39	52	0	46	604
04	1	12	1063	-1	122	3	100	100	100	100	100	100	293	39	47	0	75	412
04	1	13	1095	164	164	3	100	106	100	100	100	106	193	7	58	0	0	410
04	1	14	1031	-1	120	3	100	100	100	100	100	289	100	39	60	0	0	264
04	1	15	1022	-1	244	3	100	120	100	120	100	110	110	39	29	0	0	119
04	1	16	1161	-1	141	3	100	100	100	100	110	100	189	7	35	0	0	70
04	1	17	1095	196	196	3	100	100	100	110	120	115	120	7	69	0	0	1490
04	1	18	1095	176	193	3	100	100	100	116	100	106	155	7	42	0	0	19
04	1	19	1128	177	177	3	100	100	100	100	100	152	120	7	45	0	0	187
04	1	20	1094	184	184	3	100	100	100	100	100	173	109	7	42	0	32	0
04	1	21	1031	130	130	3	100	110	100	120	120	110	120	7	63	0	0	1025
04	1	22	1000	225	225	3	100	100	100	100	100	143	137	39	39	0	0	230
04	1	23	1059	232	252	3	100	100	100	100	100	115	119	39	40	0	0	11
04	1	24	1000	-1	210	3	100	100	100	100	100	158	130	7	55	0	0	1050
04	1	25	1118	100	100	3	100	198	100	100	100	100	100	7	40	0	0	430
04	1	26	1095	184	184	3	100	100	100	100	100	105	176	7	46	0	0	300
04	1	27	1128	164	164	3	100	100	100	100	100	106	185	7	51	0	0	280
04	1	28	1095	164	164	3	100	100	100	100	100	100	202	39	36	0	0	2666
04	1	29	1000	100	100	3	100	100	100	100	100	100	100	7	62	0	0	1270
04	1	30	1063	293	293	3	100	100	100	100	100	120	100	39	37	0	23	88
04	1	31	1031	125	125	3	100	100	100	100	110	115	176	7	56	0	0	884
04	1	32	1156	130	130	3	100	150	100	130	130	100	100	7	53	0	0	622
04	1	33	1376	-1	106	3	100	171	100	100	100	100	100	7	56	0	0	240
04	1	34	1095	202	202	3	100	100	100	100	100	100	164	7	61	0	0	875
04	1	35	1095	202	220	3	100	100	100	110	100	100	141	7	30	0	0	87
04	1	36	1031	120	120	3	100	100	100	100	100	100	292	39	51	0	0	482
04	1	37	1000	100	100	3	100	100	100	100	100	100	100	7	55	0	0	1050
04	1	38	1141	-1	156	3	100	100	100	120	156	100	120	7	39	0	0	515
04	1	39	1000	177	192	3	100	130	100	100	100	110	164	7	41	0	0	307
04	1	40	1031	232	251	3	100	100	100	152	100	100	100	7	47	0	0	20
04	1	41	1066	-1	147	3	100	100	100	185	144	100	112	39	30	0	39	149
04	1	42	1031	136	136	3	100	100	100	100	100	105	278	7	31	0	0	162
04	1	43	1031	130	130	3	100	100	100	100	100	100	130	7	64	0	0	1372
04	1	44	1063	152	168	3	100	100	100	100	100	100	141	7	39	0	0	200
04	1	45	1161	-1	141	3	100	100	100	110	100	100	189	7	53	0	0	967
04	1	46	1063	147	161	3	100	100	100	100	100	105	141	7	61	0	0	943
04	1	47	1202	-1	120	3	100	115	100	120	148	100	120	7	41	0	0	517
04	1	48	1207	-1	170	3	100	100	100	100	100	100	164	7	41	0	0	319
04	1	49	1079	-1	122	3	100	245	100	100	100	100	120	7	40	0	19	36
04	1	50	1210	-1	180	3	100	136	100	100	100	100	100	7	41	0	0	6
04	1	51	1143	-1	120	3	100	125	100	100	120	100	100	7	55	0	0	1260
04	1	52	1557	-1	100	3	100	120	100	100	100	100	100	7	42	0	0	112
04	1	53	1095	176	176	3	100	100	100	100	100	164	120	7	45	0	0	216
04	1	54	1161	147	147	3	100	100	100	106	100	105	184	7	48	0	0	265
04	1	55	1102	-1	110	3	100	262	100	100	110	100	100	7	50	0	0	156
04	1	56	1000	-1	100	3	100	100	100	100	100	100	100	7	55	0	0	1050
04	1	57	1095	202	220	3	100	100	100	120	100	110	120	7	45	0	0	329
04	1	58	1031	268	290	3	100	110	100	120	100	100	100	7	31	0	38	100
04	1	59	1128	152	168	3	100	100	100	100	100	100	189	7	50	0	0	375
04	1	60	1161	-1	180	3	100	120	100	110	110	120	100	7	40	0	0	0
04	1	61	1095	164	164	3	100	100	100	106	100	100	198	7	48	0	0	450
04	1	62	1000	100	100	3	100	100	100	100	100	100	100	7	55	0	0	1050
04	1	63	1095	176	176	3	100	100	100	100	100	189	100	7	55	0	0	3738
04	1	64	1095	-1	164	3	100	100	100	100	100	211	100	7	49	0	0	435
04	1	65	1063	110	110	3	100	110	100	100	110	100	100	7	59	0	0	1270
04	1	66	1174	179	179	3	100	100	100	100	100	100	164	7	39	0	0	125
04	1	67	1031	325	325	3	100	100	100	110	100	100	100	7	37	0	36	190
04	1	68	1031	125	125	3	100	100	100	100	110	105	110	7	55	0	0	900
04	1	69	1000	100	100	3	100	100	100	100	100	100	100	7	55	0	0	1050
04	1	70	1000	100	100	3	100	100	100	100	100	100	100	7	55	0	0	1050
04	1	71	1031	120	120	3	100	100	100	100	110	100	110	7	55	0	0	1050
04	1	72	1063	100	100	3	100	100	100	164	141	100	100	39	45	0	0	435
04	1	73	1000	-1	100	3	100	100	100	100	100	100	100	7	55	0	0	1050
04	1	74	1000	100	100	3	100	100	100	100	100	100	100	7	55	0	0	1050
04	1	76	1161	152	152	3	100	120	100	100	100	100	100	7	62	0	0	985
04	1	77	1114	-1	241	3	100	100	100	100	100	110	110	39	36	0	0	81
04	1	78	1095	183	183	3	100	100	100	100	100	115	164	7	60	0	0	650
04	1	80	1031	120	133	3	100	100	100	100	110	100	110	7	52	0	0	1050
04	1	81	1031	267	267	3	100	100	100	100	100	133	100	7	51	0	0	311
04	1	82	1000	-1	100	3	100	100	100	100	100	100	100	7	55	0	0	1050
04	1	83	1066	111	111	3	100	100	100	120	181	100	100	39	54	0	0	622
04	1	84	1063	196	196	3	100	110	100	110	100	115	141	7	57	0	0	700
04	1	85	1000	100	100	3	100	100	100	100	100	100	100	7	55	0	0	1050
04	1	86	1000	100	100	3	100	100	100	100	100	100	100	7	55	0	0	1050
04	1	87	1000	100	100	3	100	100	100	100	100	100	100	7	55	0	0	1050
04	1	88	1000	100	100	3	100	100	100	100	100	100	100	7	55	0	0	1050
04	1	89	1000	-1	100	3	100	100	100	100	100	100	100	7	55	0	0	1050
04	1	90	1000	100	100	3	100	100	100	100	100	100	100	7	55	0	0	1050
04	1	91	1063	177	193	3	100	110	100	100	100	130	141	39	47	0	0	0
04	1	94	1031	-1	112	3	100	100	100	260	120	100	100	7	55	0	0	652
04	1	95	1000	100	100	3	100	100	100	100	100	100	100	7	55	0	0	1050
04	1	96	1000	100	100	3	100	100	100	100	100	100	100	7	60	0	0	1255
04	1	97	1516	-1	100	3	100	130	100	100	100	100	100	7	48	0	32	650
04	1	98	1000	100	100	3	100	100	100	100	100	100	100	7	55	0	0	1050
04	1	99	1031	210	210	3	100	100	100	100	110	125	141	7	52	0	0	490
04	1	100	1000	100	100	3	100	100	100	100	100	100	100	7	52	0	0	1050
04	1	101	1095	120	120	3	100	110	100	176	152	100	100	39	54	0	0	470
04	1	102	1000	100	100	3	100	100	100	100	100	100	100	7	55	0	0	1050
04	1	103	1199	129	143	3	100	120	100	100	100	154	111	7	41	0	35	292
04	1	104	1063	120	120	3	100	100	100	100	245	110	110	7	42	0	0	577
04	1	105	1000	203	203	3	100	190	100	110	100	100	100	39	37	0	30	366
04	1	106	1095	230	249	3	100	100	100	130	100	100	100	39	38	0	0	590
04	1	107	1000	100	100	3	100	100	100	100	100	100	100	7	55	0	0	1050
04	1	108	1095	164	180	3	100	100	100	100	100	100	189	7	52	0	0	690
04	1	109	1088	140	140	3	100	100	100	196	100	100	118	7	47	0	0	157
04	1	110	1228	-1	130	3	100	141	100	100	141	100	100	7	57	0	0	884
04	1	111	1210	-1	145	3	100	105	100	100	100	106	172	7	45	0	0	572
04	1	112	1000	100	100	3	100	100	100	100	100	100	100	7	55	0	0	1050
04	1	113	1000	100	100	3	100	100	100	100	100	100	100	7	55	0	0	1050
04	1	114	1095	177	177	3	100	100	100	100	100	110	176	7	54	0	0	860
04	1	115	1128	-1	262	3	100	100	100	100	100	100	120	7	32	0	38	65
04	1	116	1031	-1	100	3	100	100	100	130	120	100	100	39	60	0	0	1255
04	1	118	1000	-1	100	3	100	100	100	100	100	100	100	7	55	0	0	1050
04	1	119	1063	216	234	3	100	110	100	141	100	100	100	7	48	0	0	632
04	1	120	1000	176	193	3	100	120	100	120	100	100	100	39	49	0	0	674
04	1	121	1000	170	170	3	100	130	100	100	120	170	100	7	53	0	0	384
04	1	122	1000	-1	100	3	100	100	100	100	100	100	100	7	55	0	0	1050
04	1	123	1095	-1	164	3	100	100	100	100	100	100	202	7	66	0	0	1370
04	1	124	1063	159	159	3	100	100	100	110	110	125	164	7	48	0	0	175
04	1	125	1195	-1	130	3	100	106	100	100	100	100	198	39	48	0	0	637
04	1	127	1063	189	189	3	100	100	100	100	100	177	100	39	39	0	0	212
04	1	128	1124	139	153	3	100	100	100	136	120	100	136	39	51	0	0	112
04	1	129	1095	171	171	3	100	100	100	100	100	105	176	7	55	0	0	1050
04	1	130	1000	130	144	3	100	110	100	260	100	100	100	39	30	0	0	15
04	1	131	1000	-1	100	3	100	100	100	100	100	100	100	7	55	0	0	1050
04	1	132	1095	100	100	3	100	100	100	184	176	100	106	7	62	0	0	1330
04	1	133	1063	210	210	3	100	110	100	120	110	115	110	39	64	0	0	1230
04	1	134	1211	-1	147	3	100	125	100	100	120	105	120	7	57	0	0	820
04	1	135	1063	183	183	3	100	100	100	110	120	136	120	39	42	0	0	276
04	1	136	1000	-1	100	3	100	100	100	100	100	100	100	7	55	0	0	1050
04	1	137	1031	203	219	3	100	100	100	100	100	152	120	7	46	0	0	457
04	1	140	1000	-1	100	3	100	100	100	100	100	100	100	7	55	0	0	1050
04	1	141	1000	-1	100	3	100	100	100	100	100	100	100	7	55	0	0	1050
04	1	142	1000	100	100	3	100	100	100	100	100	100	100	7	55	0	0	1050
04	1	143	1000	-1	100	3	100	100	100	100	100	100	100	7	55	0	0	1050
04	1	144	1235	-1	135	3	100	121	100	100	119	100	141	39	51	0	0	237
04	1	145	1195	-1	130	3	100	100	100	100	100	100	202	7	57	0	0	1282
04	1	146	1000	100	100	3	100	100	100	100	100	100	100	7	55	0	0	1050
04	1	147	1095	176	176	3	100	100	100	100	100	100	189	7	52	0	0	280
04	1	148	1063	147	162	3	100	100	100	100	110	125	110	7	60	0	0	993
04	1	149	1095	-1	130	3	100	100	100	176	152	100	100	39	52	0	0	679
04	1	151	1000	100	100	3	100	100	100	100	100	100	100	7	55	0	0	1050
04	1	152	1031	171	171	3	100	130	100	100	100	184	100	7	50	0	0	280
04	1	153	1095	-1	120	3	100	106	100	172	164	100	100	39	50	0	0	419
04	1	154	1000	100	100	3	100	100	100	100	100	100	100	7	55	0	0	1050
04	1	155	1000	100	100	3	100	100	100	100	100	100	100	7	55	0	0	1050
04	1	156	1000	100	100	3	100	100	100	100	100	100	100	7	55	0	0	1050
04	1	158	1095	177	192	3	100	100	100	100	100	177	100	7	69	0	0	1490
04	1	159	1063	177	177	3	100	110	100	100	100	164	120	7	50	0	0	929
04	1	160	1063	171	186	3	100	110	100	100	100	186	100	39	42	0	0	119
04	1	161	1000	100	100	3	100	100	100	100	100	100	100	7	55	0	0	1050
04	1	162	1031	183	183	3	100	120	100	100	100	183	100	7	56	0	0	1220
04	1	163	1063	198	198	3	100	133	100	133	110	110	100	7	40	0	4	134
04	1	165	1063	-1	168	3	100	120	100	120	100	100	100	39	47	0	0	750
04	1	166	1128	-1	141	3	100	110	100	110	110	100	176	7	63	0	0	717
04	1	167	1110	-1	158	3	100	147	100	100	100	147	100	39	45	0	0	515
04	1	169	1000	100	100	3	100	100	100	100	100	100	100	7	55	0	0	1050
04	1	170	1000	120	133	3	100	110	100	219	100	100	133	7	52	0	0	481
04	1	171	1031	120	133	3	100	100	100	130	152	100	100	7	58	0	0	1375
04	1	172	1000	-1	100	3	100	100	100	100	100	100	100	7	55	0	0	1050
04	1	173	1195	-1	156	3	100	100	100	106	100	100	172	7	36	0	0	185
04	1	174	1046	-1	164	3	100	136	100	100	100	100	176	7	68	0	0	1480
04	1	175	1000	100	100	3	100	100	100	100	100	100	100	7	55	0	0	1050
04	1	176	1095	171	186	3	100	100	100	100	100	105	176	7	51	0	0	579
04	1	177	1228	-1	164	3	100	141	100	100	100	100	110	7	68	0	0	1489
04	1	178	1079	-1	100	3	100	105	100	120	207	144	100	39	53	0	0	239
04	1	179	1000	-1	100	3	100	100	100	100	100	100	100	7	55	0	0	1050
04	1	180	1228	-1	130	3	100	110	100	100	100	100	176	39	51	0	0	584
04	1	181	1063	214	214	3	100	109	100	139	100	110	100	39	40	0	0	74
04	1	182	1137	-1	141	3	100	105	100	100	100	110	185	39	45	0	0	11
04	1	183	1095	141	156	3	100	100	100	100	110	100	130	7	50	0	0	815
04	1	184	1000	-1	100	3	100	100	100	100	100	100	100	7	55	0	0	1050
04	1	185	1095	189	206	3	100	100	100	100	100	100	164	7	55	0	0	1029
04	1	187	1031	120	133	3	100	100	100	100	100	100	120	7	58	0	0	965
04	1	188	1063	120	120	3	100	100	100	100	100	100	120	7	55	0	0	1050
04	1	189	1031	120	120	3	100	100	100	100	100	100	130	7	55	0	0	700
04	1	190	1043	171	171	3	100	124	100	119	100	125	133	39	50	0	35	592
04	1	191	1221	100	100	3	100	133	100	100	100	100	189	39	52	0	0	213
04	1	192	1095	-1	130	3	100	110	100	100	100	100	224	39	47	0	0	182
04	1	193	1000	100	100	3	100	100	100	100	100	100	100	7	55	0	0	1050
04	1	194	1031	230	230	3	100	110	100	110	110	130	100	39	52	0	0	1282
04	1	195	1063	165	180	3	100	100	100	120	120	120	130	7	54	0	0	950
04	1	196	1031	230	249	3	100	100	100	100	100	100	152	7	42	0	0	125
04	1	197	1031	120	133	3	100	100	100	100	100	100	120	7	51	0	0	900
04	1	198	1322	133	147	3	100	111	100	121	100	100	120	7	52	0	0	100
04	1	199	1000	-1	100	3	100	100	100	100	100	100	100	7	55	0	0	1050
04	1	200	1063	-1	292	3	100	110	100	100	100	100	100	39	29	0	0	762
04	1	201	1031	-1	100	3	100	112	100	273	120	100	100	39	51	0	0	414
04	1	202	1440	-1	157	3	100	100	100	110	100	100	100	7	40	0	23	38
04	1	203	1031	196	196	3	100	100	100	100	100	100	130	39	46	0	0	424
04	1	204	1095	171	187	3	100	100	100	100	100	105	176	7	58	0	0	540
04	1	205	1031	125	125	3	100	100	100	100	110	105	110	39	52	0	0	1050
04	1	206	1063	-1	122	3	100	110	100	133	145	100	100	7	59	0	0	1027
04	1	207	1095	197	197	3	100	100	100	110	100	159	100	39	48	0	0	293
04	1	208	1228	-1	164	3	100	141	100	100	100	100	100	7	51	0	0	550
04	1	209	1095	136	136	3	100	100	100	100	100	105	152	39	58	0	0	1274
04	1	210	1229	-1	120	3	100	120	100	120	110	100	141	39	60	0	0	1366
04	1	211	1031	202	220	3	100	110	100	110	100	120	130	7	55	0	0	440
04	1	212	1095	189	206	3	100	100	100	100	110	120	130	39	51	0	0	340
04	1	213	1031	120	120	3	100	100	100	100	100	100	120	7	55	0	0	1050
04	1	214	1000	-1	120	3	100	110	100	100	195	155	120	7	42	0	0	507
04	1	215	1111	170	187	3	100	105	100	100	130	105	130	7	42	0	0	257
04	1	216	1063	158	158	3	100	100	100	100	100	147	100	7	58	0	0	822
04	1	217	1264	-1	100	3	100	141	100	100	100	100	100	7	61	0	0	832
04	1	218	1031	100	100	3	100	100	100	281	120	100	112	7	50	0	0	70
04	1	219	1031	176	176	3	100	100	100	110	100	120	110	39	52	0	0	1160
04	1	220	1000	100	100	3	100	100	100	100	100	100	100	7	52	0	0	1050
04	1	221	1031	125	125	3	100	100	100	100	100	105	183	7	53	0	0	1024
04	1	222	1095	183	183	3	100	100	100	100	100	183	100	7	58	0	0	810
04	1	223	1000	100	100	3	100	100	100	100	100	100	100	7	55	0	0	1050
04	1	224	1378	-1	134	3	100	141	100	100	100	100	100	7	49	0	0	174
04	1	225	1095	184	184	3	100	110	100	100	110	105	152	7	55	0	0	510
04	1	226	1128	-1	100	3	100	100	100	141	141	100	100	7	55	0	0	865
04	1	227	1000	100	100	3	100	100	100	100	100	100	100	7	55	0	0	1050
04	1	228	1046	120	120	3	100	105	100	100	100	100	120	7	59	0	0	1232
04	1	229	1095	-1	100	3	100	100	100	164	189	110	100	39	49	0	0	780
04	1	230	1195	-1	156	3	100	100	100	100	100	120	152	7	32	0	0	0
04	1	231	1053	-1	151	3	100	100	100	171	100	100	100	39	49	0	0	819
04	1	232	1095	-1	164	3	100	100	100	100	100	100	202	7	50	0	0	850
04	1	233	1091	157	157	3	100	119	100	119	110	145	100	39	55	0	0	772
04	1	234	1245	-1	164	3	100	146	100	100	100	100	100	7	45	0	0	674
04	1	235	1095	164	164	3	100	100	100	100	100	100	202	7	48	0	0	130
04	1	236	1000	100	100	3	100	100	100	100	100	100	100	7	55	0	0	1050
04	1	237	1031	125	125	3	100	100	100	100	110	105	110	39	58	0	0	1332
04	1	238	1095	189	189	3	100	100	100	110	110	110	141	7	60	0	0	582
04	1	239	1000	100	100	3	100	100	100	100	100	100	100	7	55	0	0	1050
04	1	240	1000	100	100	3	100	100	100	100	100	100	100	7	55	0	0	1050
04	1	241	1246	197	213	3	100	110	100	100	110	100	100	7	35	0	47	240
04	1	242	1000	-1	100	3	100	100	100	100	100	100	100	7	55	0	0	1050
04	1	244	1144	176	176	3	100	132	100	126	110	100	100	7	64	0	0	1080
04	1	245	1095	171	171	3	100	100	100	100	100	125	152	7	50	0	0	1050
04	1	246	1000	183	183	3	100	120	100	100	100	158	130	7	45	0	0	462
04	1	248	1095	171	187	3	100	106	100	100	100	115	160	7	49	0	0	570
04	1	249	1000	100	100	3	100	100	100	100	100	100	100	7	55	0	0	1050
04	1	250	1031	-1	100	3	100	100	100	120	130	100	100	7	62	0	0	1270
04	1	251	1253	-1	100	3	100	139	100	100	100	100	100	39	57	0	0	978
04	1	252	1000	100	100	3	100	100	100	100	100	100	100	7	55	0	0	1050
04	1	253	1000	-1	100	3	100	100	100	100	100	100	100	7	55	0	0	1050
04	1	254	1176	-1	205	3	100	115	100	120	100	100	100	39	50	0	0	930
04	1	255	1000	100	100	3	100	100	100	100	100	100	100	7	55	0	0	1050
04	1	256	1000	-1	100	3	100	100	100	100	100	100	100	7	55	0	0	1050
04	1	257	1228	-1	130	3	100	110	100	100	100	100	176	39	46	0	0	769
04	1	258	1000	-1	100	3	100	100	100	100	100	100	100	7	55	0	0	1050
04	1	260	1095	196	196	3	100	110	100	100	100	125	130	7	49	0	0	483
04	1	261	1095	-1	170	3	100	120	100	100	100	170	100	7	42	0	0	535
04	1	262	1228	-1	144	3	100	110	100	100	100	100	164	7	62	0	0	880
04	1	263	1031	100	100	3	100	100	100	293	120	100	100	7	44	0	0	700
04	1	264	1128	136	136	3	100	130	100	130	130	115	100	39	53	0	0	20
04	1	265	1031	147	147	3	100	130	100	120	110	105	100	39	61	0	0	1375
04	1	266	1141	176	176	3	100	100	100	100	144	100	130	7	37	0	0	37
04	1	267	1031	-1	120	3	100	100	100	100	120	100	110	39	64	0	0	1375
04	1	268	1063	141	156	3	100	100	100	100	100	120	130	7	64	0	0	1360
04	1	270	1053	100	100	3	100	100	100	262	148	100	100	39	43	0	61	163
04	1	271	1000	-1	100	3	100	100	100	100	100	100	100	7	55	0	0	1050
04	1	272	1161	-1	152	3	100	100	100	137	100	100	148	39	49	0	0	0
04	1	273	1063	-1	171	3	100	110	100	106	100	184	106	7	60	0	0	1025
04	1	274	1000	136	136	3	100	100	100	100	100	115	110	7	49	0	0	550
04	1	275	1369	0	100	3	100	177	100	100	100	100	100	7	30	0	0	74
04	1	276	1195	-1	130	3	100	100	100	100	100	100	202	39	57	0	0	300
04	1	277	1144	-1	120	3	100	115	100	100	120	100	120	7	59	0	0	1303
04	1	278	1095	-1	110	3	100	100	100	164	176	110	100	7	45	0	0	275
04	1	279	1218	-1	176	3	100	137	100	100	110	100	100	7	57	0	0	390
04	1	280	1000	202	202	3	100	144	100	130	100	100	122	39	51	0	0	230
04	1	281	1000	100	100	3	100	100	100	100	100	100	100	7	55	0	0	1050
04	1	282	1000	100	100	3	100	100	100	100	100	100	100	7	55	0	0	1050
04	1	283	1063	147	162	3	100	100	100	100	100	105	141	7	63	0	0	1140
04	1	284	1063	-1	122	3	100	100	100	100	100	106	270	7	31	0	0	666
04	1	285	1298	-1	141	3	100	152	100	100	100	100	100	7	51	0	0	672
04	1	286	1000	100	100	3	100	100	100	100	100	100	100	7	55	0	0	1050
04	1	287	1128	-1	120	3	100	100	100	100	100	100	152	7	53	0	0	850
04	1	288	1350	-1	100	3	100	183	100	100	100	100	100	7	50	0	0	283
04	1	289	1088	139	139	3	100	100	100	100	100	100	223	39	41	0	0	96
04	1	290	1031	125	125	3	100	100	100	100	100	105	120	7	55	0	0	886
04	1	292	1063	189	189	3	100	100	100	100	110	130	141	7	54	0	0	550
04	1	293	1000	100	100	3	100	100	100	100	100	100	100	7	55	0	0	1050
04	1	294	1095	183	183	3	100	100	100	100	100	183	100	39	46	0	0	519
04	1	295	1095	-1	206	3	100	100	100	100	130	100	130	7	49	0	0	565
04	1	296	1000	-1	100	3	100	100	100	100	100	100	100	7	55	0	0	1050
04	1	297	1095	183	183	3	100	100	100	100	100	115	164	7	57	0	0	1110
04	1	298	1137	110	110	3	100	105	100	186	141	100	100	7	47	0	0	274
04	1	299	1195	-1	130	3	100	100	100	100	100	100	202	7	34	0	0	517
04	1	301	1000	147	147	3	100	120	100	100	100	158	100	7	62	0	0	1174
04	1	302	1000	176	176	3	100	130	100	110	100	176	100	7	55	0	0	320
04	1	303	1031	120	133	3	100	100	100	100	152	189	110	7	47	0	0	176
04	1	304	1095	-1	202	3	100	100	100	152	100	110	100	7	48	0	0	370
04	1	305	1095	-1	146	3	100	100	100	120	152	125	110	39	51	0	0	765
04	1	306	1000	100	100	3	100	100	100	100	100	100	100	7	55	0	0	1050
04	1	307	1000	100	100	3	100	100	100	100	100	100	100	7	55	0	0	1050
04	1	308	1031	144	158	3	100	100	100	143	163	100	122	7	30	0	31	165
04	1	312	1222	-1	132	3	100	151	100	100	119	109	100	39	53	0	0	237
04	1	313	1281	184	199	3	100	100	100	100	100	100	120	39	37	0	23	88
04	1	314	1063	293	293	3	100	100	100	100	100	120	100	7	33	0	38	115
04	1	315	1031	136	136	3	100	100	100	110	100	105	100	7	55	0	0	1050
04	1	316	1118	172	189	3	100	100	100	100	100	180	100	7	59	0	0	500
04	1	317	1128	-1	123	3	100	110	100	120	141	100	100	7	45	0	0	200
04	1	319	1078	129	143	3	100	141	100	116	100	100	162	7	52	0	0	113
04	1	320	1095	202	202	3	100	100	100	100	130	100	130	7	51	0	0	707
04	1	321	1000	100	100	3	100	100	100	100	100	100	100	7	55	0	0	1050
04	1	322	1063	-1	100	3	100	100	100	164	141	100	100	7	66	0	0	1420
04	1	323	1128	-1	170	3	100	100	100	100	100	125	152	7	62	0	0	440
04	1	324	1031	120	120	3	100	100	100	110	100	100	120	7	59	0	0	1170
04	1	325	1101	-1	133	3	100	129	100	100	100	205	100	7	56	0	0	745
04	1	326	1031	-1	100	3	100	100	100	120	120	110	100	7	61	0	0	1233
04	1	327	1031	120	120	3	100	100	100	100	100	100	130	7	65	0	0	1303
04	1	329	1357	-1	100	3	100	184	100	100	100	100	100	39	27	0	0	257
04	1	330	1000	100	100	3	100	100	100	100	100	100	100	7	63	0	0	1280
04	1	331	1031	-1	109	3	100	100	100	262	120	100	100	39	56	0	0	128
04	1	332	1128	-1	134	3	100	100	100	100	100	100	230	39	29	0	0	175
04	1	333	1063	125	125	3	100	110	100	100	100	105	100	7	52	0	0	760
04	1	334	1063	-1	144	3	100	110	100	100	100	100	152	39	60	0	0	869
04	1	335	1095	184	184	3	100	100	100	130	130	105	110	7	52	0	0	650
04	1	336	1000	100	100	3	100	100	100	100	100	100	100	7	55	0	0	1050
04	1	337	1000	100	100	3	100	100	100	100	100	100	100	7	55	0	0	1050
04	1	338	1000	-1	100	3	100	100	100	100	100	100	100	7	55	0	0	1050
04	1	339	1031	176	176	3	100	100	100	100	100	219	100	7	49	0	0	275
04	1	340	1063	158	158	3	100	100	100	100	100	216	100	7	58	0	0	884
04	1	341	1030	-1	176	3	100	141	100	100	100	100	164	39	46	0	0	50
04	1	342	1316	-1	100	3	100	136	100	130	120	100	100	39	52	0	0	584
04	1	343	1171	162	162	3	100	142	100	110	118	100	100	7	37	0	32	250
04	1	344	1160	-1	120	3	100	130	100	100	120	100	100	39	63	0	0	1495
04	1	345	1031	147	147	3	100	100	100	110	100	105	100	39	61	0	0	1395
04	1	346	1110	-1	152	3	100	121	100	100	110	100	172	7	58	0	0	943
04	1	347	1000	100	100	3	100	100	100	100	100	100	100	7	53	0	0	1050
04	1	348	1095	-1	110	3	100	110	100	100	110	100	100	7	57	0	0	950
04	1	349	1000	-1	100	3	100	100	100	100	100	100	100	7	55	0	0	1050
04	1	350	1144	164	180	3	100	147	100	120	100	100	100	7	30	0	0	207
04	1	351	1000	238	238	3	100	110	100	100	100	120	130	7	42	0	0	217
04	1	352	1031	125	125	3	100	100	100	100	100	105	120	7	55	0	0	1050
04	1	353	1063	-1	110	3	100	100	100	100	100	100	277	39	54	0	0	781
04	1	354	1031	-1	122	3	100	110	100	110	110	230	100	7	51	0	0	645
04	1	355	1063	176	176	3	100	100	100	120	100	110	100	7	63	0	0	1450
04	1	356	1161	-1	159	3	100	152	100	110	100	105	100	39	55	0	0	1124
04	1	357	1000	100	100	3	100	100	100	100	100	100	100	7	55	0	0	1050
04	1	358	1095	-1	100	3	100	100	100	202	164	100	100	39	54	0	0	1069
04	1	359	1063	-1	110	3	100	100	100	100	100	100	141	7	60	0	0	1250
04	1	360	1000	164	164	3	100	130	100	100	100	164	130	7	58	0	0	900
04	1	362	1000	-1	100	3	100	100	100	100	100	100	100	7	55	0	0	1050
04	1	363	1161	183	183	3	100	100	100	100	100	158	100	39	50	0	0	227
04	1	365	1299	-1	100	3	100	202	100	100	100	100	100	7	47	0	0	570
04	1	366	1063	-1	170	3	100	110	100	198	110	100	100	7	30	0	0	462
04	1	367	1141	179	197	3	100	100	100	100	100	100	164	7	53	0	0	490
04	1	368	1151	212	229	3	100	100	100	130	100	100	100	7	38	0	0	86
04	1	369	1031	-1	130	3	100	100	100	159	159	124	100	39	43	0	0	95
04	1	370	1000	100	100	3	100	100	100	100	100	100	100	7	55	0	0	1050
04	1	371	1031	-1	200	3	100	120	100	141	120	105	100	39	43	0	0	86
04	1	372	1031	177	193	3	100	120	100	100	100	177	100	7	55	0	0	289
04	1	373	1095	-1	100	3	100	100	100	189	176	100	100	39	30	0	0	187
04	1	374	1000	222	222	3	100	100	100	100	100	146	130	7	30	0	0	24
04	1	375	1000	100	100	3	100	100	100	100	100	100	100	7	61	0	0	1290
04	1	376	1031	-1	144	3	100	100	100	110	100	100	100	39	63	0	0	880
04	1	377	1000	100	100	3	100	100	100	100	100	100	100	7	55	0	0	1050
04	1	378	1031	120	120	3	100	100	100	100	100	100	202	39	55	0	0	484
04	1	379	1095	-1	110	3	100	110	100	164	164	110	100	39	57	0	0	1182
04	1	380	1031	141	156	3	100	100	100	100	100	106	248	39	53	0	0	639
04	1	381	1187	-1	100	3	100	100	100	205	120	100	100	7	48	0	0	64
04	1	382	1000	217	234	3	100	100	100	100	100	141	130	7	55	0	0	489
04	1	383	1095	183	183	3	100	100	100	100	120	135	120	39	62	0	0	1132
04	1	384	1063	189	206	3	100	110	100	100	120	100	141	7	55	0	0	789
04	1	385	1128	-1	130	3	100	120	100	100	120	110	100	39	61	0	0	830
04	1	386	1078	-1	110	3	100	115	100	100	110	100	100	7	57	0	0	1165
04	1	387	1063	120	133	3	100	100	100	130	120	120	100	7	49	0	0	870
04	1	388	1000	100	100	3	100	100	100	100	100	100	100	7	55	0	0	1050
04	1	389	1000	152	168	3	100	110	100	100	100	137	116	7	56	0	0	470
04	1	390	1227	-1	100	3	100	152	100	100	100	100	100	39	60	0	0	920
04	1	391	1207	156	170	3	100	120	100	100	120	100	120	39	33	0	0	86
04	1	392	1151	178	178	3	100	100	100	120	120	105	120	7	51	0	0	172
04	1	393	1218	192	209	3	100	126	100	100	100	100	100	7	48	0	0	889
04	1	394	1000	-1	100	3	100	100	100	100	100	100	100	7	55	0	0	1050
04	1	395	1000	-1	100	3	100	100	100	100	100	100	100	7	55	0	0	1050
04	1	396	1111	-1	180	3	100	105	100	100	110	100	164	7	50	0	0	177
04	1	397	1015	130	130	3	100	115	100	110	100	100	100	7	60	0	0	1280
04	1	398	1177	-1	141	3	100	135	100	100	100	100	100	7	40	0	0	172
04	1	400	1053	-1	100	3	100	100	100	120	288	100	100	39	43	0	0	177
04	1	401	1031	164	180	3	100	110	100	110	100	130	100	7	55	0	0	1050
04	1	402	1095	230	230	3	100	100	100	120	100	100	120	39	43	0	0	764
04	1	403	1000	100	100	3	100	100	100	100	100	100	100	7	55	0	0	1050
04	1	404	1095	245	245	3	100	100	100	130	100	100	100	7	56	0	0	772
04	1	405	1031	136	136	3	100	100	100	110	100	105	100	7	55	0	0	1050
04	1	406	1110	-1	100	3	100	125	100	100	100	100	100	39	58	0	0	1010
04	1	407	1031	100	100	3	100	100	100	130	120	100	100	7	60	0	0	1270
04	1	408	1143	-1	188	3	100	115	100	110	120	105	110	7	48	0	0	530
04	1	409	1063	190	205	3	100	100	100	100	100	164	110	7	29	0	0	17
04	1	410	1111	138	153	3	100	146	100	100	166	100	110	39	41	0	0	29
04	1	412	1095	-1	180	3	100	100	100	100	100	189	100	7	31	0	0	184
04	1	413	1095	177	193	3	100	100	100	100	110	110	152	39	63	0	0	1010
04	1	414	1095	196	196	3	100	100	100	110	110	115	130	7	54	0	0	839
04	1	415	1095	-1	100	3	100	100	100	164	202	100	100	7	47	0	0	483
04	1	416	1095	-1	164	3	100	100	100	100	100	202	100	39	35	0	0	130
04	1	417	1063	-1	130	3	100	110	100	100	100	100	100	7	60	0	0	1280
04	1	418	1000	-1	100	3	100	100	100	100	100	100	100	7	55	0	0	1050
04	1	419	1063	152	152	3	100	100	100	100	100	100	152	7	68	0	0	1480
04	1	420	1063	-1	134	3	100	120	100	130	120	100	100	7	67	0	0	1270
04	1	422	1000	-1	100	3	100	100	100	100	100	100	100	7	55	0	0	1050
04	1	423	1095	-1	110	3	100	110	100	164	164	100	100	7	47	0	0	600
04	1	424	1078	100	100	3	100	135	100	216	120	100	100	39	48	0	0	562
04	1	425	1031	120	133	3	100	100	100	100	100	100	120	7	57	0	0	1150
04	1	426	1000	100	100	3	100	100	100	100	100	100	100	7	55	0	0	1050
04	1	427	1000	130	130	3	100	148	100	110	209	100	100	7	34	0	0	60
04	1	428	1118	152	152	3	100	100	100	120	148	110	120	7	59	0	0	790
04	1	429	1092	-1	203	3	100	119	100	110	119	100	110	39	49	0	0	187
04	1	430	1095	-1	100	3	100	100	100	202	164	100	100	39	45	0	0	619
04	1	431	1000	-1	100	3	100	100	100	100	100	100	100	7	55	0	0	1050
04	1	432	1031	189	189	3	100	100	100	100	100	126	172	7	50	0	0	422
04	1	433	1000	136	136	3	100	100	100	100	100	115	110	7	55	0	0	1050
04	1	434	1195	164	164	3	100	100	100	100	100	100	164	7	61	0	0	1010
04	1	435	1000	100	100	3	100	100	100	100	100	100	100	7	55	0	0	1050
04	1	436	1053	201	201	3	100	100	100	100	119	115	139	39	48	0	0	296
04	1	437	1144	141	156	3	100	125	100	100	100	100	100	7	56	0	0	685
04	1	438	1063	152	152	3	100	100	100	100	100	110	141	39	71	0	0	1410
04	1	439	1095	176	176	3	100	100	100	100	100	152	120	7	57	0	0	1272
04	1	440	1231	-1	198	3	100	115	100	100	100	100	100	39	48	0	0	121
04	1	441	1195	-1	183	3	100	120	100	100	110	105	110	7	51	0	0	590
04	1	442	1000	176	191	3	100	130	100	100	100	176	100	7	46	0	0	690
04	1	443	1408	100	100	3	100	164	100	100	100	100	100	7	56	0	0	1200
04	1	445	1000	-1	100	3	100	100	100	100	100	100	100	7	55	0	0	1050
04	1	446	1195	164	179	3	100	130	100	100	110	110	100	7	52	0	0	372
04	1	447	1161	-1	152	3	100	100	100	100	100	100	189	39	36	0	0	450
04	1	448	1031	125	125	3	100	100	100	100	110	105	110	7	60	0	0	1250
04	1	450	1262	-1	141	3	100	141	100	110	110	100	100	7	51	0	0	672
04	1	451	1000	-1	100	3	100	100	100	100	100	100	100	7	55	0	0	1050
04	1	452	1117	100	100	3	100	100	100	164	198	100	100	7	50	0	0	493
04	1	453	1031	125	125	3	100	100	100	100	110	105	110	7	60	0	0	1255
04	1	454	1046	120	120	3	100	105	100	100	100	120	100	7	60	0	0	1255
04	1	455	1095	170	170	3	100	100	100	100	100	105	189	7	48	0	0	470
04	1	456	1095	-1	120	3	100	100	100	100	164	100	176	7	54	0	0	484
04	1	457	1000	176	176	3	100	100	100	100	100	130	120	7	60	0	0	1466
04	1	458	1063	141	141	3	100	100	100	112	100	100	243	7	31	0	18	54
04	1	459	1031	193	193	3	100	110	100	133	100	130	120	7	41	0	18	254
04	1	460	1063	141	141	3	100	100	100	106	100	100	160	7	66	0	0	975
04	1	461	1000	-1	100	3	100	100	100	100	100	100	100	7	55	0	0	1050
04	1	462	1063	-1	156	3	100	110	100	152	152	100	100	39	52	0	0	500
04	1	463	1000	100	100	3	100	100	100	100	100	100	100	7	55	0	0	1050
04	1	464	1000	100	100	3	100	100	100	100	100	100	100	7	55	0	0	1050
04	1	465	1507	126	126	3	100	110	100	100	100	100	100	39	31	0	0	133
04	1	466	1000	141	141	3	100	110	100	110	100	100	100	7	63	0	0	1285
04	1	467	1000	-1	249	3	100	110	100	110	100	120	120	39	51	0	0	465
04	1	468	1063	176	193	3	100	100	100	100	110	110	164	39	31	0	0	67
04	1	469	1000	120	120	3	100	100	100	100	100	141	141	7	62	0	0	1132
04	1	470	1270	148	163	3	100	147	100	100	100	100	100	7	55	0	0	840
04	1	471	1095	177	192	3	100	100	100	100	120	110	141	7	54	0	0	1290
04	1	472	1063	-1	127	3	100	106	100	187	154	105	100	7	40	0	0	250
04	1	473	1000	100	100	3	100	100	100	100	100	100	100	7	55	0	0	1050
04	1	474	1031	125	125	3	100	100	100	100	110	105	110	39	62	0	0	1185
04	1	475	1095	164	164	3	100	100	100	100	100	202	100	7	57	0	0	457
04	1	476	1000	-1	100	3	100	100	100	100	100	100	100	7	55	0	0	1050
04	1	477	1031	125	125	3	100	100	100	100	110	105	110	7	57	0	0	1250
04	1	478	1095	210	210	3	100	100	100	120	100	105	120	39	52	0	0	930
04	1	479	1031	100	100	3	100	100	100	232	151	100	100	39	59	0	0	941
04	1	480	1095	-1	144	3	100	110	100	141	152	100	110	39	51	0	0	585
04	1	481	1063	141	141	3	100	100	100	100	100	100	164	7	58	0	0	980
04	1	482	1128	-1	168	3	100	110	100	100	100	100	176	7	53	0	0	600
04	1	483	1000	100	100	3	100	100	100	100	100	100	100	7	55	0	0	1050
04	1	484	1095	183	183	3	100	100	100	100	100	158	120	7	53	0	0	86
04	1	485	1176	-1	152	3	100	125	100	100	130	100	120	39	49	0	0	764
04	1	486	1095	164	164	3	100	100	100	100	100	100	189	7	54	0	0	1120
04	1	487	1000	100	100	3	100	100	100	100	100	100	100	7	55	0	0	1050
04	1	488	1000	164	164	3	100	120	100	120	100	120	100	7	59	0	0	1085
04	1	489	1000	-1	105	3	100	100	100	100	100	105	100	7	55	0	0	886
04	1	490	1000	125	125	3	100	110	100	100	100	125	100	7	55	0	0	950
04	1	491	1128	190	190	3	100	110	100	110	120	110	110	7	62	0	0	1180
04	1	492	1117	164	180	3	100	100	100	100	126	141	110	7	49	0	0	36
04	1	493	1095	170	187	3	100	110	100	110	100	105	152	39	47	0	0	436
04	1	494	1095	164	198	3	100	100	100	100	100	106	172	7	49	0	0	36
04	1	496	1000	100	100	3	100	100	100	100	100	100	100	7	55	0	0	1050
04	1	497	1053	-1	131	3	100	100	100	140	193	100	100	39	52	0	0	308
04	1	498	1000	100	100	3	100	100	100	100	100	100	100	7	55	0	0	1050
04	1	499	1063	-1	164	3	100	100	100	141	100	100	100	7	61	0	0	1270
04	1	500	1095	-1	167	3	100	120	100	177	100	100	100	7	61	0	0	206
04	1	502	1176	-1	120	3	100	105	100	100	100	100	141	7	59	0	0	1033
04	1	503	1095	202	220	3	100	100	100	130	100	110	100	7	60	0	0	1175
04	1	504	1063	184	184	3	100	110	100	100	100	105	176	7	64	0	0	625
04	1	505	1211	-1	156	3	100	125	100	100	120	100	120	39	47	0	0	475
04	1	506	1118	137	137	3	100	106	100	172	141	100	100	7	46	0	0	75
04	1	507	1000	100	100	3	100	100	100	100	100	100	100	7	55	0	0	1050
04	1	508	1095	202	202	3	100	100	100	100	100	100	164	7	49	0	0	470
04	1	509	1263	-1	120	3	100	120	100	100	100	100	100	39	47	0	0	570
04	1	510	1031	217	217	3	100	100	100	171	100	115	100	7	52	0	56	454
04	1	511	1174	-1	100	3	100	100	100	164	179	100	100	7	50	0	0	225
04	1	512	1141	179	197	3	100	100	100	100	120	100	141	7	44	0	0	75
04	1	513	1031	-1	100	3	100	100	100	120	293	100	100	39	33	0	22	429
04	1	514	1095	100	100	3	100	100	100	202	164	100	100	39	43	0	0	374
04	1	515	1000	100	100	3	100	100	100	100	100	100	100	7	55	0	0	1050
04	1	516	1161	120	120	3	100	141	100	100	100	145	133	39	46	0	0	389
04	1	518	1063	149	164	3	100	110	100	132	132	105	132	39	42	0	0	194
04	1	519	1141	179	197	3	100	100	100	100	100	100	164	7	47	0	0	185
04	1	520	1201	-1	140	3	100	105	100	120	120	100	141	39	47	0	0	140
04	1	521	1095	176	176	3	100	100	100	100	100	100	189	7	53	0	0	867
04	1	523	1000	-1	100	3	100	100	100	100	100	100	100	7	55	0	0	1050
04	1	524	1128	125	125	3	100	100	100	100	100	105	141	7	58	0	0	1032
04	1	525	1031	284	284	3	100	100	100	100	100	136	100	39	32	0	70	206
04	1	526	1211	-1	146	3	100	105	100	100	100	105	164	7	55	0	0	425
04	1	527	1063	164	180	3	100	110	100	100	100	192	100	7	58	0	0	625
04	1	528	1000	100	100	3	100	100	100	100	100	100	100	7	55	0	0	1050
04	1	529	1279	-1	130	3	100	136	100	100	130	100	100	39	64	0	0	1290
04	1	530	1063	190	190	3	100	110	100	110	120	110	120	7	58	0	0	1290
04	1	531	1351	-1	112	3	100	171	100	100	100	100	100	39	44	0	0	510
04	1	532	1085	164	180	3	100	116	100	100	100	172	106	7	50	0	0	315
04	1	536	1063	-1	100	3	100	100	100	164	141	100	100	39	58	0	0	1100
04	1	539	1063	-1	180	3	100	110	100	100	100	100	189	7	51	0	0	360
04	1	540	1299	100	100	3	100	164	100	100	100	100	130	7	58	0	0	1139
04	1	541	1095	147	162	3	100	110	100	110	110	105	100	7	49	0	0	900
04	1	542	1000	177	192	3	100	130	100	100	100	110	164	39	46	0	0	170
04	1	543	1094	-1	120	3	100	120	100	100	100	100	100	7	65	0	0	1085
04	1	545	1095	164	180	3	100	100	100	100	100	189	100	7	51	0	0	345
04	1	546	1193	-1	169	3	100	130	100	110	120	100	100	7	44	0	0	295
04	1	547	1128	189	206	3	100	100	100	110	100	100	141	7	48	0	0	1020
04	1	548	1000	100	100	3	100	100	100	100	100	100	100	7	55	0	0	1050
04	1	549	1333	130	144	3	100	100	100	110	100	100	120	39	56	0	0	490
04	1	550	1000	100	100	3	100	100	100	100	100	100	100	7	55	0	0	1050
04	1	551	1095	136	136	3	100	110	100	100	120	105	110	7	68	0	0	1480
04	1	552	1066	-1	169	3	100	100	100	207	110	100	100	7	36	0	0	76
04	1	553	1095	-1	100	3	100	100	100	189	164	100	100	7	51	0	0	920
04	1	554	1000	235	253	3	100	100	100	144	100	110	110	7	38	0	0	98
04	1	555	1063	210	210	3	100	110	100	120	100	115	120	7	50	0	0	320
04	1	556	1195	-1	168	3	100	130	100	100	130	100	100	7	49	0	0	370
04	1	557	1000	211	211	3	100	100	100	100	100	159	130	7	36	0	0	24
04	1	558	1000	100	100	3	100	100	100	100	100	100	100	7	55	0	0	1050
04	1	559	1063	141	141	3	100	100	100	100	100	100	164	7	68	0	0	1489
04	1	560	1000	-1	100	3	100	100	100	100	100	100	100	7	55	0	0	1050
04	1	561	1063	-1	134	3	100	100	100	100	111	121	218	39	59	0	0	195
04	1	562	1063	100	112	3	100	100	100	152	141	100	100	7	69	0	0	1490
04	1	563	1095	-1	152	3	100	110	100	100	120	100	110	7	47	0	0	715
04	1	564	1128	-1	120	3	100	120	100	100	120	100	100	7	60	0	0	1315
04	1	565	1128	-1	139	3	100	100	100	100	100	105	141	39	51	0	0	803
04	1	567	1000	-1	100	3	100	100	100	100	100	100	100	7	55	0	0	1050
04	1	568	1095	164	180	3	100	100	100	100	130	100	152	7	63	0	0	1222
04	1	569	1245	-1	164	3	100	146	100	100	100	100	100	7	52	0	0	963
04	1	570	1031	310	332	3	100	100	100	110	100	100	100	7	30	0	0	462
04	1	571	1226	150	150	3	100	109	100	110	100	100	140	7	45	0	0	11
04	1	572	1079	152	168	3	100	132	100	100	100	100	172	39	40	0	0	115
04	1	575	1095	189	189	3	100	100	100	100	100	164	100	7	42	0	0	97
04	1	576	1316	-1	110	3	100	170	100	100	100	100	100	7	42	0	0	47
04	1	577	1095	-1	130	3	100	130	100	130	152	100	100	7	53	0	0	101
04	1	578	1000	-1	189	3	100	130	100	100	100	100	164	7	39	0	0	83
04	1	579	1193	-1	100	3	100	130	100	152	141	100	100	39	51	0	0	270
04	1	580	1000	100	100	3	100	100	100	100	100	100	100	7	55	0	0	1050
04	1	581	1063	164	164	3	100	100	100	120	110	100	110	7	63	0	0	1172
04	1	582	1000	100	100	3	100	100	100	100	100	100	100	7	55	0	0	1050
04	1	584	1063	159	159	3	100	100	100	110	110	105	120	39	69	0	0	1195
04	1	585	1063	-1	193	3	100	100	100	120	100	100	100	7	58	0	0	672
04	1	586	1095	176	176	3	100	100	100	110	152	100	120	7	55	0	0	426
04	1	587	1000	100	100	3	100	100	100	100	100	100	100	7	55	0	0	1050
04	1	588	1078	-1	110	3	100	115	100	100	110	100	100	7	52	0	0	480
04	1	589	1031	136	136	3	100	100	100	110	100	105	100	39	58	0	0	1010
04	1	590	1000	-1	100	3	100	100	100	100	100	100	100	7	55	0	0	1050
04	1	591	1063	-1	141	3	100	100	100	100	110	100	141	7	56	0	0	1260
04	1	592	1137	188	188	3	100	157	100	116	100	100	100	7	52	0	0	150
04	1	593	1195	-1	100	3	100	162	100	100	100	127	100	7	63	0	0	1032
04	1	595	1031	176	176	3	100	100	100	100	100	130	110	7	55	0	0	0
04	1	596	1228	-1	156	3	100	120	100	100	100	100	141	7	37	0	0	25
04	1	597	1063	-1	151	3	100	106	100	100	100	100	146	39	63	0	0	914
04	1	598	1281	120	120	3	100	110	100	100	100	100	100	39	56	0	0	414
04	1	599	1095	115	115	3	100	100	100	164	164	105	100	7	56	0	0	1085
04	1	600	1141	179	197	3	100	100	100	100	110	100	152	7	58	0	0	920
04	1	601	1130	-1	112	3	100	142	100	100	110	100	118	39	48	0	0	374
04	1	602	1000	100	100	3	100	100	100	100	100	100	100	7	55	0	0	1050
04	1	603	1095	-1	177	3	100	100	100	100	100	189	100	7	53	0	0	1122
04	1	604	1297	-1	130	3	100	165	100	100	100	100	100	39	47	0	0	170
04	1	605	1000	-1	100	3	100	100	100	100	100	100	100	7	55	0	0	1050
04	1	606	1118	-1	197	3	100	100	100	100	137	100	130	7	50	0	0	622
04	1	608	1000	100	100	3	100	100	100	100	100	100	100	7	55	0	0	1050
04	1	609	1000	100	100	3	100	100	100	100	100	100	100	7	55	0	0	1050
04	1	610	1000	-1	100	3	100	100	100	100	100	100	100	7	55	0	0	1050
04	1	611	1000	-1	100	3	100	100	100	100	100	100	100	7	49	0	0	1050
04	1	612	1000	100	100	3	100	100	100	100	100	100	100	7	55	0	0	1050
04	1	613	1095	152	152	3	100	110	100	152	130	110	100	7	54	0	0	567
04	1	614	1000	120	120	3	100	110	100	100	100	120	100	7	55	0	0	1050
04	1	615	1095	-1	164	3	100	100	100	100	100	202	100	7	62	0	0	1170
04	1	616	1210	-1	152	3	100	136	100	100	130	100	100	7	69	0	0	1490
04	1	617	1031	203	203	3	100	100	100	100	100	141	141	39	45	0	0	417
04	1	618	1263	136	136	3	100	152	100	110	100	105	100	39	53	0	0	567
04	1	619	1063	183	183	3	100	110	100	100	100	170	100	7	49	0	0	417
04	1	621	1063	146	146	3	100	110	100	120	120	170	100	7	54	0	0	1280
04	1	622	1031	176	176	3	100	110	100	130	100	100	100	7	57	0	0	880
04	1	623	1161	-1	168	3	100	100	100	130	100	100	141	39	46	0	0	435
04	1	624	1085	-1	197	3	100	100	100	141	141	100	100	7	46	0	47	268
04	1	625	1000	-1	100	3	100	100	100	100	100	100	100	7	55	0	0	1050
04	1	626	1031	170	170	3	100	100	100	100	122	100	208	39	36	0	44	244
04	1	627	1161	147	147	3	100	120	100	100	100	173	100	7	49	0	0	429
04	1	628	1095	230	230	3	100	100	100	120	110	100	110	7	48	0	0	430
04	1	629	1232	-1	144	3	100	154	100	100	121	100	100	7	44	0	47	218
04	1	630	1210	-1	164	3	100	136	100	100	100	100	100	7	55	0	0	1050
04	1	631	1384	-1	100	3	100	179	100	100	100	100	100	7	49	0	0	515
04	1	632	1095	164	164	3	100	100	100	100	100	211	100	7	48	0	0	565
04	1	633	1000	100	100	3	100	100	100	100	100	100	100	7	55	0	0	1050
04	1	634	1277	-1	148	3	100	116	100	100	100	100	141	7	46	0	0	265
04	1	635	1118	198	198	3	100	100	100	100	100	100	164	7	49	0	0	265
04	1	636	1118	204	204	3	100	100	100	110	100	105	141	7	50	0	0	365
04	1	637	1095	189	189	3	100	100	100	106	100	100	172	7	52	0	0	30
04	1	638	1000	147	162	3	100	120	100	100	100	147	100	39	61	0	0	1040
04	1	639	1000	125	125	3	100	110	100	100	100	105	120	7	55	0	0	1050
04	1	640	1031	189	225	3	100	100	100	100	100	156	120	7	43	0	0	200
04	1	641	1000	100	100	3	100	100	100	100	100	100	100	7	55	0	0	1050
04	1	642	1095	202	202	3	100	100	100	100	110	100	152	39	41	0	0	364
04	1	643	1408	-1	100	3	100	164	100	100	100	100	100	7	56	0	0	810
04	1	644	1000	-1	100	3	100	100	100	100	100	100	100	7	55	0	0	1050
04	1	645	1000	-1	100	3	100	100	100	100	100	100	100	7	55	0	0	1050
04	1	647	1229	-1	149	3	100	100	100	100	120	125	120	39	60	0	0	220
04	1	648	1141	227	227	3	100	100	100	130	100	105	100	7	49	0	0	333
04	1	649	1141	186	186	3	100	100	100	100	100	171	100	7	49	0	0	233
04	1	650	1252	-1	100	3	100	148	100	100	100	100	100	7	56	0	0	183
04	1	651	1063	183	200	3	100	100	100	100	100	125	152	7	53	0	0	476
04	1	652	1086	195	212	3	100	100	100	100	100	105	167	39	53	0	47	668
04	1	653	1095	189	189	3	100	100	100	100	110	100	164	39	35	0	0	0
04	1	654	1210	-1	141	3	100	115	100	100	120	100	141	39	37	0	0	10
04	1	655	1000	100	100	3	100	100	100	100	100	100	100	7	55	0	0	1050
04	1	657	1000	100	100	3	100	100	100	100	100	100	100	7	55	0	0	1050
04	1	659	1000	100	100	3	100	100	100	100	100	100	100	7	55	0	0	1050
04	1	662	1243	179	197	3	100	130	100	100	100	100	100	39	48	0	0	130
04	1	663	1095	164	180	3	100	112	100	100	100	100	179	39	53	0	0	139
04	1	664	1000	-1	100	3	100	100	100	100	100	100	100	7	55	0	0	1050
04	1	665	1000	100	100	3	100	100	100	100	100	100	100	7	55	0	0	1050
04	1	666	1069	130	144	3	100	100	100	100	100	110	228	7	59	0	0	681
04	1	667	1000	-1	100	3	100	100	100	100	100	100	100	7	55	0	0	1050
04	1	668	1075	-1	100	3	100	100	100	120	281	100	100	39	58	0	0	545
04	1	669	1000	100	100	3	100	100	100	100	100	100	100	7	55	0	0	1050
04	1	670	1063	110	110	3	100	110	100	100	110	110	100	7	55	0	0	1050
04	1	671	1000	202	202	3	100	100	100	100	100	130	164	7	46	0	0	975
04	1	672	1095	-1	130	3	100	100	100	189	141	100	100	7	46	0	0	875
04	1	673	1031	325	325	3	100	100	100	110	100	100	100	7	37	0	0	359
04	1	674	1000	-1	100	3	100	100	100	100	100	100	100	7	55	0	0	1050
04	1	675	1015	-1	100	3	100	105	100	100	100	100	100	7	58	0	0	1375
04	1	676	1128	-1	100	3	100	110	100	164	176	100	100	39	52	0	0	173
04	1	677	1088	190	190	3	100	100	100	100	100	166	100	7	42	0	0	96
04	1	678	1184	-1	144	3	100	120	100	100	116	100	100	7	53	0	0	570
04	1	679	1095	141	141	3	100	100	100	126	164	100	126	7	48	0	0	635
04	1	680	1047	-1	199	3	100	115	100	100	100	136	130	7	48	0	0	85
04	1	681	1000	100	100	3	100	100	100	100	100	100	100	7	55	0	0	1050
04	1	682	1211	-1	141	3	100	115	100	110	100	100	152	7	42	0	0	260
04	1	683	1063	-1	110	3	100	110	100	110	110	100	100	7	59	0	0	1270
04	1	684	1110	-1	152	3	100	115	100	100	100	100	120	7	55	0	0	1050
04	1	685	1000	100	100	3	100	100	100	100	100	100	100	7	55	0	0	1050
04	1	686	1144	176	176	3	100	105	100	100	100	100	164	39	41	0	0	490
04	1	687	1000	-1	100	3	100	100	100	100	100	100	100	7	55	0	0	1050
04	1	689	1095	203	203	3	100	100	100	110	100	152	100	39	30	0	0	10
04	1	690	1386	-1	100	3	100	171	100	100	100	100	100	39	47	0	0	160
04	1	691	1262	170	170	3	100	125	100	100	110	100	100	7	38	0	0	96
04	1	692	1000	100	100	3	100	100	100	100	100	100	100	7	55	0	0	1050
04	1	693	1000	-1	100	3	100	100	100	100	100	100	100	7	55	0	0	1050
04	1	694	1063	196	196	3	100	110	100	100	100	105	164	7	49	0	0	310
04	1	695	1095	164	164	3	100	110	100	110	130	110	130	7	48	0	0	83
04	1	696	1195	130	130	3	100	100	100	106	100	100	198	7	34	0	0	160
04	1	697	1031	-1	280	3	100	100	100	100	100	100	130	7	32	0	22	179
04	1	698	1031	0	245	3	100	100	100	169	100	100	100	7	31	0	0	462
04	1	699	1095	164	180	3	100	106	100	100	100	100	184	7	45	0	0	80
04	1	700	1408	-1	100	3	100	164	100	100	100	100	100	7	50	0	0	180
04	1	701	1110	100	100	3	100	125	100	100	100	100	100	7	60	0	0	1250
04	1	702	1063	141	156	3	100	100	100	100	100	100	152	7	55	0	0	1000
04	1	703	1244	-1	120	3	100	147	100	120	120	100	100	7	59	0	0	1430
04	1	704	1000	100	100	3	100	100	100	100	100	100	100	7	55	0	0	1050
04	1	705	1000	-1	100	3	100	100	100	100	100	100	100	7	55	0	0	1050
04	1	706	1031	-1	100	3	100	100	100	130	120	100	100	7	59	0	0	1017
04	1	707	1184	-1	133	3	100	110	100	137	116	100	137	39	40	0	0	27
04	1	708	1063	-1	180	3	100	110	100	100	100	198	100	7	47	0	0	180
04	1	709	1243	-1	151	3	100	100	100	100	106	100	164	7	48	0	0	80
04	1	710	1000	100	100	3	100	100	100	100	100	100	100	7	55	0	0	1050
04	1	711	1078	141	141	3	100	232	100	110	100	100	100	39	35	0	0	525
04	1	712	1095	152	152	3	100	100	100	120	130	152	100	39	47	0	0	618
04	1	713	1128	130	130	3	100	130	100	152	130	100	100	7	57	0	0	1168
04	1	714	1245	-1	141	3	100	159	100	100	100	110	100	7	51	0	0	380
04	1	715	1110	-1	100	3	100	125	100	100	100	100	100	39	67	0	0	1185
04	1	716	1063	147	147	3	100	100	100	100	120	105	120	7	55	0	0	1050
04	1	717	1270	-1	164	3	100	142	100	100	100	100	100	7	52	0	0	40
04	1	718	1095	-1	147	3	100	120	100	120	130	136	100	7	48	0	0	175
04	1	719	1000	-1	158	3	100	110	100	100	110	136	110	7	55	0	0	1050
04	1	720	1095	183	183	3	100	100	100	100	130	115	130	7	60	0	0	1440
04	1	721	1118	198	198	3	100	100	100	100	110	100	152	7	55	0	0	590
04	1	723	1095	183	183	3	100	100	100	100	100	105	176	7	56	0	0	1180
04	1	724	1000	-1	100	3	100	100	100	100	100	100	100	7	55	0	0	1050
04	1	725	1063	-1	164	3	100	110	100	100	100	202	100	7	66	0	0	887
04	1	726	1000	100	100	3	100	100	100	100	100	100	100	7	55	0	0	1050
04	1	727	1063	184	184	3	100	110	100	100	100	136	141	39	55	0	0	230
04	1	728	1160	-1	144	3	100	120	100	110	139	110	120	39	45	0	0	675
04	1	729	1063	-1	100	3	100	100	100	164	141	100	100	7	60	0	0	1490
04	1	730	1195	-1	145	3	100	130	100	100	152	100	100	39	42	0	0	95
04	1	731	1128	176	193	3	100	100	100	100	130	100	130	7	43	0	0	95
04	1	732	1128	230	230	3	100	110	100	120	100	100	100	7	57	0	0	730
04	1	733	1000	-1	100	3	100	100	100	100	100	100	100	7	55	0	0	1050
04	1	734	1095	152	168	3	100	100	100	120	130	100	141	39	41	0	0	22
04	1	735	1118	167	182	3	100	100	100	130	130	105	110	39	49	0	0	72
04	1	736	1063	176	193	3	100	100	100	100	100	179	110	7	45	0	0	72
04	1	737	1095	-1	123	3	100	100	100	164	164	110	100	39	47	0	0	172
04	1	738	1228	-1	136	3	100	141	100	100	130	105	100	39	54	0	0	580
04	1	739	1031	-1	100	3	100	100	100	120	120	100	100	39	62	0	0	1270
04	1	740	1031	120	133	3	100	100	100	171	100	100	120	7	54	0	55	839
04	1	741	1031	125	125	3	100	100	100	100	110	105	110	7	55	0	0	1050
04	1	742	1000	100	100	3	100	100	100	100	100	100	100	7	55	0	0	1050
04	1	743	1063	-1	120	3	100	100	100	120	141	100	120	7	56	0	0	1075
04	1	744	1079	147	147	3	100	105	100	100	100	147	100	7	58	0	0	939
04	1	746	1095	176	176	3	100	100	100	100	100	192	100	7	51	0	0	2
04	1	747	1314	-1	110	3	100	170	100	100	110	100	100	7	55	0	0	875
04	1	748	1031	-1	100	3	100	100	100	120	120	110	100	7	61	0	0	1224
04	1	749	1095	164	164	3	100	100	100	100	100	100	164	7	55	0	0	1050
04	1	750	1031	208	208	3	100	120	100	120	100	115	120	7	60	0	0	920
04	1	751	1161	-1	120	3	100	100	100	100	100	100	152	7	60	0	0	1190
04	1	752	1111	-1	100	3	100	105	100	176	176	100	100	7	61	0	0	1200
04	1	753	1063	-1	100	3	100	100	100	164	141	100	100	7	58	0	0	1275
04	1	754	1063	190	190	3	100	110	100	110	100	120	141	7	65	0	0	1480
04	1	755	1063	159	159	3	100	100	100	100	120	105	120	7	68	0	0	1480
04	1	756	1015	190	190	3	100	136	100	110	100	110	141	39	52	0	0	860
04	1	757	1259	-1	150	3	100	165	100	100	100	100	100	39	38	0	0	525
04	1	758	1000	130	130	3	100	100	100	100	100	259	133	7	53	0	0	725
04	1	759	1095	-1	112	3	100	106	100	179	164	100	106	7	42	0	0	135
04	1	762	1063	190	190	3	100	110	100	100	100	177	100	7	61	0	0	890
04	1	763	1031	125	125	3	100	100	100	100	100	125	100	7	61	0	0	1260
04	1	764	1095	130	130	3	100	120	100	100	100	100	141	7	64	0	0	1500
04	1	765	1235	164	164	3	100	153	100	100	100	100	100	39	38	0	0	90
04	1	766	1095	164	164	3	100	100	100	100	110	100	189	7	57	0	0	1170
04	1	767	1063	-1	141	3	100	100	100	100	100	164	100	7	59	0	0	1096
04	1	768	1128	158	158	3	100	110	100	110	110	125	120	7	56	0	0	1085
04	1	769	1031	120	120	3	100	100	100	100	100	297	100	39	37	0	22	229
04	1	770	1095	176	176	3	100	100	100	100	100	100	189	7	59	0	0	883
04	1	771	1161	-1	120	3	100	120	100	120	176	100	100	7	59	0	0	1000
04	1	772	1031	-1	147	3	100	100	100	106	110	100	248	39	35	0	0	288
04	1	773	1053	137	151	3	100	126	100	110	100	159	137	7	35	0	0	388
04	1	774	1000	-1	100	3	100	100	100	100	100	100	100	7	65	0	0	758
04	1	775	1031	-1	147	3	100	100	100	106	100	100	263	7	36	0	0	388
04	1	776	1110	164	164	3	100	146	100	100	100	100	141	7	63	0	0	996
04	1	777	1095	202	202	3	100	100	100	144	100	100	112	39	53	0	0	650
04	1	778	1000	245	245	3	100	100	100	100	100	130	130	7	52	0	0	996
04	1	779	1144	-1	168	3	100	115	100	100	130	100	120	7	52	0	0	235
04	1	780	1095	-1	100	3	100	100	100	189	176	100	100	7	57	0	0	640
04	1	781	1063	184	200	3	100	110	100	110	100	147	100	7	52	0	0	930
04	1	782	1350	-1	100	3	100	183	100	100	100	100	100	7	45	0	0	210
04	1	783	1000	185	203	3	100	122	100	100	100	100	177	7	42	0	0	158
04	1	784	1015	-1	100	3	100	105	100	100	100	100	100	7	66	0	0	1037
04	1	785	1095	-1	105	3	100	100	100	189	164	105	100	7	58	0	0	1080
04	1	786	1141	220	238	3	100	100	100	130	100	100	100	39	48	0	0	236
04	1	787	1141	144	158	3	100	100	100	152	141	100	100	39	52	0	0	543
04	1	788	1063	159	159	3	100	100	100	141	120	115	130	39	52	0	0	737
04	1	789	1078	-1	110	3	100	115	100	100	110	100	100	7	58	0	0	1010
04	1	790	1031	100	100	3	100	100	100	120	129	110	217	7	38	0	0	14
04	1	791	1000	-1	100	3	100	100	100	100	100	316	100	39	47	0	32	65
04	1	792	1229	-1	110	3	100	120	100	120	120	100	141	7	60	0	0	840
04	1	794	1031	125	125	3	100	100	100	100	110	105	110	7	61	0	0	1260
04	1	795	1063	100	100	3	100	100	100	180	207	100	100	7	60	0	4	910
04	1	796	1218	-1	120	3	100	172	100	120	100	110	100	7	41	0	0	427
04	1	797	1095	-1	120	3	100	120	100	106	100	141	172	7	45	0	0	77
04	1	798	1063	164	164	3	100	100	100	100	110	189	110	7	57	0	0	427
04	1	799	1183	130	130	3	100	141	100	100	137	120	100	39	42	0	0	222
04	1	800	1095	196	196	3	100	100	100	110	100	105	152	7	50	0	0	150
04	1	801	1188	-1	173	3	100	120	100	128	100	100	100	39	42	0	0	30
04	1	802	1154	-1	198	3	100	110	100	128	110	100	100	39	45	0	10	125
04	1	803	1183	-1	152	3	100	110	100	100	116	100	152	7	55	0	0	405
04	1	804	1284	157	172	3	100	120	100	100	100	100	100	7	42	0	0	30
04	1	806	1000	100	100	3	100	100	100	100	100	100	100	7	55	0	0	1050
04	1	807	1151	-1	156	3	100	106	100	137	120	100	126	7	44	0	0	405
04	1	808	1031	-1	125	3	100	100	100	216	152	100	100	39	48	0	0	120
04	1	809	1031	164	164	3	100	100	100	100	100	141	110	7	56	0	0	0
04	1	810	1063	-1	141	3	100	100	100	100	141	100	120	7	65	0	0	0
04	1	812	1063	-1	100	3	100	100	100	164	141	100	100	7	52	0	0	676
04	1	813	1000	100	100	3	100	100	100	100	100	100	100	7	55	0	0	1050
04	1	814	1000	-1	100	3	100	100	100	100	100	100	100	7	55	0	0	1050
04	1	815	1095	177	177	3	100	100	100	100	100	110	176	7	54	0	0	540
04	1	816	1031	170	170	3	100	120	100	100	130	125	130	7	48	0	0	335
04	1	817	1095	189	206	3	100	100	100	100	130	100	130	7	43	0	0	95
04	1	818	1128	120	120	3	100	120	100	100	141	100	100	7	55	0	0	0
04	1	819	1167	-1	176	3	100	115	100	110	100	100	141	39	47	0	0	580
04	1	821	1350	-1	100	3	100	183	100	100	100	100	100	39	54	0	0	420
04	1	822	1243	-1	170	3	100	130	100	100	120	100	100	7	51	0	0	590
04	1	823	1128	197	215	3	100	100	100	120	100	105	120	39	59	0	0	740
04	1	824	1195	-1	144	3	100	100	100	112	100	100	179	7	52	0	0	729
04	1	825	1174	179	197	3	100	110	100	100	110	100	130	7	55	0	0	729
04	1	826	1095	164	164	3	100	100	100	106	100	106	193	39	33	0	0	529
04	1	827	1095	176	176	3	100	120	100	120	110	110	120	7	55	0	0	620
04	1	828	1095	183	183	3	100	100	100	100	100	183	100	39	58	0	0	895
04	1	829	1000	-1	100	3	100	100	100	100	100	100	100	7	55	0	0	1050
04	1	830	1000	-1	100	3	100	100	100	100	100	100	100	7	55	0	0	1050
04	1	831	1000	-1	100	3	100	100	100	100	100	100	100	7	55	0	0	1050
04	1	832	1000	-1	100	3	100	100	100	100	100	100	100	7	55	0	0	1050
04	1	833	1000	-1	100	3	100	100	100	100	100	100	100	7	55	0	0	1050
04	1	834	1000	-1	100	3	100	100	100	100	100	100	100	7	55	0	0	1050
04	1	835	1000	-1	100	3	100	100	100	100	100	100	100	7	55	0	0	1050
04	1	836	1000	-1	100	3	100	100	100	100	100	100	100	7	55	0	0	1050
04	1	837	1000	-1	100	3	100	100	100	100	100	100	100	7	55	0	0	1050
04	1	838	1063	196	196	3	100	100	100	100	100	170	110	39	55	0	0	675
04	1	839	1229	-1	159	3	100	120	100	100	110	105	120	39	51	0	0	575
04	1	840	1245	-1	152	3	100	146	100	100	110	100	100	7	67	0	0	1373
04	1	841	1195	147	147	3	100	130	100	100	100	125	100	39	53	0	0	1270
04	1	842	1031	-1	112	3	100	100	100	120	284	100	100	7	42	0	0	50
04	1	843	1095	176	176	3	100	100	100	100	100	100	196	7	44	0	0	2
04	1	844	1195	-1	145	3	100	130	100	100	152	100	100	39	43	0	0	95
04	1	845	1031	-1	319	3	100	100	100	100	100	100	120	7	33	0	0	3
04	1	846	1031	-1	203	3	100	100	100	100	146	155	100	7	45	0	0	913
04	1	847	1406	-1	159	3	100	100	100	100	100	120	100	39	33	0	0	23
04	1	848	1063	164	164	3	100	100	100	100	120	100	120	7	55	0	0	0
04	1	849	1095	-1	100	3	100	100	100	176	189	100	100	39	54	0	0	230
04	1	850	1000	100	100	3	100	100	100	100	100	100	100	7	55	0	0	1050
04	1	851	1000	-1	141	3	100	110	100	110	100	100	100	7	57	0	0	715
04	1	852	1046	-1	100	3	100	105	100	120	120	100	100	7	57	0	0	715
04	1	853	1031	130	130	3	100	100	100	100	100	100	120	7	52	0	0	715
04	1	854	1031	120	120	3	100	100	100	100	100	100	130	7	57	0	0	715
04	1	855	1031	159	175	3	100	110	100	120	120	147	110	7	51	0	0	530
04	1	856	1000	100	100	3	100	100	100	100	100	100	100	7	55	0	0	1050
04	1	857	1000	245	245	3	100	100	100	100	100	130	130	7	50	0	0	526
04	1	858	1000	-1	100	3	100	100	100	100	100	100	100	7	55	0	0	1050
04	1	859	1063	177	177	3	100	110	100	100	110	110	164	7	67	0	0	1373
04	1	860	1095	183	183	3	100	100	100	100	100	183	100	7	45	0	0	235
04	1	861	1000	100	100	3	100	100	100	100	100	110	100	7	58	0	0	980
04	1	862	1031	269	269	3	100	100	100	100	110	105	120	7	29	0	22	229
04	1	863	1095	141	141	3	100	110	100	130	152	110	110	7	59	0	0	900
04	1	864	1063	141	141	3	100	100	100	100	120	100	120	7	62	0	0	1170
04	1	866	1063	152	152	3	100	100	100	100	100	100	152	7	55	0	0	0
04	1	867	1063	202	202	3	100	130	100	110	100	130	100	7	66	0	0	595
04	1	868	1095	-1	100	3	100	100	100	176	189	100	100	39	60	0	0	95
04	1	869	1000	-1	164	3	100	130	100	100	100	130	164	7	51	0	0	310
04	1	870	1184	147	162	3	100	126	100	100	100	105	141	39	53	0	0	300
04	1	871	1063	164	164	3	100	100	100	100	100	141	100	7	51	0	0	580
04	1	872	1000	202	220	3	100	100	100	100	100	144	144	7	63	0	0	660
04	1	873	1031	136	136	3	100	100	100	110	100	105	100	7	64	0	0	1080
04	1	874	1000	245	245	3	100	130	100	130	100	100	100	7	46	0	0	392
04	1	875	1095	-1	112	3	100	100	100	189	164	100	100	7	51	0	0	442
04	1	876	1095	-1	112	3	100	100	100	189	164	100	100	7	48	0	0	442
04	1	877	1095	177	192	3	100	100	100	100	130	110	130	7	53	0	0	633
04	1	878	1000	-1	100	3	100	100	100	100	100	100	100	7	55	0	0	1050
04	1	879	1063	217	217	3	100	110	100	120	110	110	110	39	51	0	0	310
04	1	881	1000	100	100	3	100	100	100	100	100	100	100	7	55	0	0	1050
04	1	882	1000	-1	120	3	100	110	100	100	100	130	100	7	60	0	0	1250
04	1	883	1000	-1	100	3	100	100	100	100	100	100	100	7	55	0	0	1050
04	1	885	1000	100	100	3	100	100	100	100	100	100	100	7	55	0	0	1050
04	1	886	1000	-1	100	3	100	100	100	100	100	100	100	7	55	0	0	1050
04	1	887	1111	-1	100	3	100	105	100	164	176	100	100	7	67	0	0	1273
04	1	888	1000	100	100	3	100	100	100	100	100	100	100	7	55	0	0	1050
04	1	889	1000	100	100	3	100	100	100	100	100	100	100	7	55	0	0	1050
04	1	890	1095	164	164	3	100	100	100	106	100	100	198	39	58	0	0	780
04	1	891	1095	-1	121	3	100	106	100	210	120	111	100	39	44	0	0	10
04	1	892	1095	176	193	3	100	100	100	100	141	100	130	7	54	0	0	365
04	1	893	1031	-1	180	3	100	120	100	141	141	100	100	39	47	0	0	15
04	1	894	1195	-1	168	3	100	110	100	100	100	100	152	7	34	0	0	70
04	1	895	1350	-1	100	3	100	183	100	100	100	100	100	39	64	0	0	1272
04	1	896	1000	100	100	3	100	100	100	100	100	100	100	7	55	0	0	1050
04	1	897	1095	164	164	3	100	106	100	100	100	100	198	7	53	0	0	665
04	1	898	1110	-1	100	3	100	125	100	100	100	100	100	7	61	0	0	1215
04	1	899	1111	-1	110	3	100	115	100	130	130	100	100	7	69	0	0	1490
04	1	900	1031	145	159	3	100	100	100	110	100	105	205	7	46	0	0	42
04	1	901	1210	-1	120	3	100	159	100	100	100	141	100	7	39	0	0	70
04	1	902	1408	-1	100	3	100	164	100	100	100	100	100	39	63	0	0	1072
04	1	903	1147	223	223	3	100	100	100	100	110	100	110	7	59	0	0	234
04	1	904	1000	100	100	3	100	100	100	100	100	100	100	7	55	0	0	1050
04	1	905	1095	110	110	3	100	110	100	152	189	100	100	39	64	0	0	1272
04	1	906	1031	240	279	3	100	100	100	110	100	105	120	7	61	0	0	1020
04	1	907	1000	-1	100	3	100	100	100	100	100	100	100	7	55	0	0	1050
04	1	908	1117	212	229	3	100	100	100	120	110	100	110	7	44	0	0	1440
04	1	909	1111	-1	125	3	100	125	100	110	120	105	100	7	62	0	0	1180
04	1	910	1031	120	133	3	100	100	100	100	100	100	120	7	60	0	0	1150
04	1	911	1095	177	192	3	100	100	100	100	100	177	100	7	46	0	0	115
04	1	912	1000	-1	100	3	100	100	100	100	100	100	100	7	55	0	0	1050
04	1	913	1000	189	206	3	100	144	100	157	100	100	100	7	41	0	47	118
04	1	915	1063	176	176	3	100	100	100	100	100	189	110	7	60	0	0	1264
04	1	916	1128	230	230	3	100	100	100	130	100	100	100	7	40	0	0	0
04	1	917	1000	152	168	3	100	110	100	100	100	141	110	7	65	0	0	1050
04	1	918	1031	141	141	3	100	110	100	100	100	152	100	39	55	0	0	1050
04	1	919	1111	215	235	3	100	100	100	100	100	144	100	7	35	0	0	67
04	1	920	1115	-1	239	3	100	119	100	119	100	100	100	39	35	0	0	67
04	1	921	1031	-1	261	3	100	100	100	157	100	100	100	7	30	0	0	362
04	1	922	1075	-1	168	3	100	100	100	100	177	100	133	39	32	0	0	17
04	1	923	1211	188	188	3	100	100	100	100	100	135	100	39	54	0	0	672
04	1	924	1195	-1	214	3	100	130	100	100	100	100	100	7	51	0	0	0
04	1	925	1128	141	141	3	100	130	100	100	100	100	110	7	41	0	0	370
04	1	926	1000	-1	100	3	100	100	100	100	100	100	100	7	55	0	0	1050
04	1	927	1075	-1	130	3	100	100	100	120	237	100	100	39	33	0	0	67
04	1	928	1161	-1	184	3	100	120	100	110	100	105	100	39	53	0	0	1270
04	1	929	1095	0	259	3	100	100	100	130	100	100	100	7	53	0	0	86
04	1	930	1128	183	200	3	100	100	100	110	120	105	120	39	44	0	0	343
04	1	931	1000	100	100	3	100	100	100	100	100	100	100	7	55	0	0	1050
04	1	932	1000	100	100	3	100	100	100	100	100	100	100	7	55	0	0	1050
04	1	933	1095	164	164	3	100	110	100	141	120	100	110	7	63	0	0	1280
04	1	934	1128	171	186	3	100	100	100	100	130	105	130	7	47	0	0	143
04	1	935	1195	-1	144	3	100	130	100	100	152	100	100	39	43	0	0	151
04	1	936	1000	-1	100	3	100	100	100	100	100	100	100	7	55	0	0	1050
04	1	937	1000	-1	100	3	100	100	100	100	100	100	100	7	55	0	0	1050
04	1	938	1000	100	100	3	100	100	100	100	100	100	100	7	55	0	0	1050
04	1	939	1000	-1	100	3	100	100	100	100	100	100	100	7	55	0	0	1050
04	1	940	1000	100	100	3	100	100	100	100	100	100	100	7	55	0	0	1050
04	1	941	1000	100	100	3	100	100	100	100	100	100	100	7	55	0	0	1050
04	1	942	1369	-1	100	3	100	176	100	100	100	100	100	7	59	0	0	1390
04	1	943	1000	130	130	3	100	120	100	110	245	100	100	39	33	0	0	70
04	1	944	1079	-1	184	3	100	125	100	110	100	105	141	7	59	0	0	1280
04	1	945	1000	-1	100	3	100	100	100	100	100	100	100	7	55	0	0	1050
04	1	949	1000	-1	141	3	100	120	100	100	100	100	164	7	55	0	0	1050
04	1	950	1128	130	130	3	100	100	100	100	100	110	141	7	62	0	0	980
04	1	951	1063	-1	125	3	100	110	100	100	100	105	100	7	60	0	0	1250
04	1	952	1211	-1	100	3	100	158	100	100	100	100	100	39	60	0	0	1360
04	1	953	1094	-1	196	3	100	120	100	100	100	125	120	39	34	0	0	13
04	1	954	1095	164	164	3	100	120	100	110	120	100	141	39	48	0	0	63
04	1	955	1201	-1	172	3	100	100	100	133	100	105	120	7	49	0	18	454
04	1	956	1000	100	100	3	100	100	100	100	100	100	100	7	55	0	0	1050
04	1	957	1063	-1	120	3	100	110	100	141	176	120	100	39	47	0	0	85
04	1	958	1031	183	183	3	100	120	100	100	100	158	120	39	56	0	0	710
04	1	959	1243	-1	144	3	100	112	100	100	100	100	164	39	46	0	0	30
04	1	960	1031	159	159	3	100	110	100	110	110	105	110	7	59	0	0	1460
04	1	961	1095	189	189	3	100	100	100	100	110	152	110	7	48	0	0	613
04	1	962	1371	120	120	3	100	152	100	100	100	100	100	39	53	0	0	230
04	1	963	1063	-1	133	3	100	110	100	100	100	100	100	7	52	0	0	850
04	1	964	1000	170	187	3	100	100	100	100	100	125	120	7	50	0	0	500
04	1	965	1078	-1	153	3	100	105	100	100	100	153	100	7	51	0	0	785
04	1	966	1047	202	220	3	100	136	100	130	100	100	100	7	48	0	0	1475
04	1	967	1264	-1	133	3	100	164	100	100	100	100	100	7	56	0	0	1490
04	1	968	1316	-1	112	3	100	183	100	100	100	100	100	7	54	0	0	1475
04	1	969	1000	-1	100	3	100	100	100	100	100	100	100	7	55	0	0	1050
04	1	970	1031	284	284	3	100	100	100	100	110	105	120	39	32	0	53	590
04	1	971	1128	-1	189	3	100	100	100	141	120	100	100	7	51	0	0	120
04	1	972	1000	-1	100	3	100	100	100	100	100	100	100	7	55	0	0	1050
04	1	973	1000	-1	100	3	100	100	100	100	100	100	100	7	69	0	0	1490
04	1	974	1000	120	120	3	100	110	100	110	100	100	120	39	59	0	0	1170
04	1	975	1063	130	130	3	100	126	100	155	130	100	126	7	49	0	0	335
04	1	976	1000	100	100	3	100	100	100	100	100	100	100	7	62	0	0	1270
04	1	977	1063	171	187	3	100	110	100	106	100	105	172	7	52	0	0	380
04	1	978	1095	189	189	3	100	100	100	110	110	130	110	7	53	0	0	719
04	1	979	1075	-1	100	3	100	100	100	120	281	100	100	39	46	0	0	80
04	1	980	1218	166	166	3	100	141	100	100	100	112	100	39	46	0	0	77
04	1	981	1063	100	112	3	100	100	100	152	141	100	100	7	59	0	0	1010
04	1	982	1314	120	120	3	100	171	100	100	100	100	100	7	33	0	0	70
04	1	983	1234	130	130	3	100	166	100	100	100	100	120	7	55	0	0	870
04	1	984	1095	-1	141	3	100	120	100	140	110	100	139	39	48	0	0	444
04	1	985	1063	-1	142	3	100	100	100	205	100	100	120	39	53	0	0	366
04	1	986	1063	245	284	3	100	110	100	100	110	100	100	7	33	0	0	138
04	1	987	1000	120	120	3	100	110	100	100	100	100	310	7	36	0	0	336
04	1	988	1000	120	120	3	100	110	100	100	100	100	310	39	38	0	0	236
04	1	989	1117	-1	100	3	100	100	100	209	139	100	100	39	55	0	0	340
04	1	990	1304	-1	123	3	100	179	100	100	100	100	100	7	48	0	4	253
04	1	991	1161	-1	133	3	100	100	100	100	100	100	209	39	43	0	0	74
04	1	992	1053	100	100	3	100	100	100	126	257	100	106	7	40	0	0	49
04	1	993	1000	100	100	3	100	100	100	100	100	100	100	7	55	0	0	1050
04	1	994	1128	-1	120	3	100	130	100	100	120	100	100	7	56	0	0	1150
04	1	995	1000	100	100	3	100	100	100	100	100	100	100	7	55	0	0	1050
04	1	996	1095	-1	100	3	100	100	100	189	164	100	100	7	55	0	0	700
04	1	997	1063	176	176	3	100	110	100	110	100	164	100	39	50	0	0	780
04	1	998	1110	-1	156	3	100	147	100	100	100	100	141	7	41	0	0	183
04	1	999	1000	170	187	3	100	130	100	100	100	170	100	7	48	0	0	283
04	1	1000	1063	164	164	3	100	130	100	100	120	100	141	7	44	0	0	1050
04	1	1001	1000	100	100	3	100	100	100	100	100	100	100	7	55	0	0	1050
04	1	1002	1063	147	147	3	100	100	100	100	120	105	120	7	55	0	0	1050
04	1	1003	1000	100	100	3	100	100	100	100	100	100	100	7	55	0	0	1050
04	1	1004	1280	120	120	3	100	120	100	120	130	100	100	7	32	0	0	318
04	1	1005	1063	-1	100	3	100	100	100	179	179	100	111	7	53	0	23	656
04	1	1006	1086	219	219	3	100	100	100	120	100	115	110	7	57	0	0	1060
04	1	1007	1063	-1	130	3	100	120	100	120	120	100	100	7	52	0	0	600
04	1	1008	1195	-1	141	3	100	100	100	100	100	100	176	39	40	0	0	130
04	1	1009	1143	-1	120	3	100	125	100	100	120	100	100	7	56	0	0	1220
04	1	1010	1000	-1	100	3	100	100	100	110	100	100	100	7	55	0	37	988
04	1	1011	1195	-1	130	3	100	120	100	100	130	100	130	39	48	0	0	870
04	1	1012	1188	-1	130	3	100	120	100	111	150	111	100	7	61	0	51	1028
04	1	1013	1092	-1	175	3	100	100	100	140	119	109	100	7	54	0	0	552
04	1	1014	1095	189	189	3	100	100	100	100	100	100	164	7	34	0	0	30
04	1	1015	1063	-1	125	3	100	129	100	159	130	105	100	39	51	0	0	606
04	1	1016	1063	-1	100	3	100	100	100	141	238	100	100	7	36	0	0	155
04	1	1017	1095	203	203	3	100	100	100	120	110	110	110	7	55	0	0	750
04	1	1018	1095	-1	100	3	100	100	100	164	189	100	100	39	40	0	0	1050
04	1	1020	1063	147	147	3	100	100	100	100	120	105	120	7	57	0	0	1270
04	1	1021	1195	-1	120	3	100	120	100	120	152	100	100	7	42	0	0	800
04	1	1022	1095	-1	100	3	100	100	100	189	164	100	100	39	49	0	0	810
04	1	1023	1000	100	100	3	100	100	100	100	100	100	100	7	55	0	0	1050
04	1	1024	1079	-1	164	3	100	115	100	100	100	176	100	7	48	0	0	860
04	1	1025	1063	152	152	3	100	100	100	100	120	100	120	7	63	0	0	980
04	1	1026	1063	147	147	3	100	100	100	100	100	147	100	39	60	0	0	1250
04	1	1027	1161	-1	100	3	100	120	100	152	152	100	100	7	26	0	0	950
04	1	1028	1095	164	164	3	100	106	100	100	100	100	184	7	56	0	0	870
04	1	1029	1211	-1	152	3	100	115	100	100	100	100	141	7	34	0	0	380
04	1	1031	1095	-1	105	3	100	100	100	164	164	105	100	7	53	0	0	1190
04	1	1033	1095	183	183	3	100	100	100	100	120	105	141	7	52	0	0	820
04	1	1035	1128	-1	125	3	100	120	100	100	120	105	100	7	50	0	0	300
04	1	1036	1210	-1	100	3	100	147	100	100	100	100	100	39	64	0	0	1290
04	1	1037	1000	100	100	3	100	100	100	100	100	100	100	7	55	0	0	1050
04	1	1039	1160	-1	152	3	100	120	100	100	130	100	120	39	51	0	0	390
04	1	1044	1195	-1	130	3	100	100	100	100	100	100	176	7	24	0	0	230
